지역코드,시군구,법정동,지번,단지,건축년도,층,전용면적,년,월,일,보증금,월세,좌표
11500,강서구,등촌동,635-5,대외그랜드오피스텔,2003,8,27.72,2022,1,6,3000,35,126.862102620418@37.5545783083403
11500,강서구,등촌동,654-61,(654-61),2004,8,24.7,2022,1,10,2450,35,126.856639839392@37.5547701947084
11500,강서구,등촌동,628-13,현대프린스텔,1999,9,28.78,2022,1,14,10000,0,126.856360978857@37.5600880436922
11500,강서구,등촌동,635-5,대외그랜드오피스텔,2003,3,27.72,2022,1,20,12000,0,126.862102620418@37.5545783083403
11500,강서구,등촌동,684-3,대룡드림타워-1,2004,10,30.32,2022,1,21,12500,0,126.841431866803@37.5666022887842
11500,강서구,등촌동,628-13,현대프린스텔,1999,8,28.78,2022,1,26,9500,0,126.856360978857@37.5600880436922
11500,강서구,등촌동,649-14,우림보보카운티뷰,2004,4,27.36,2022,1,27,5000,27,126.863420741762@37.5520638033894
11500,강서구,화곡동,982-17,크라운뷰,2009,13,51.14,2022,1,3,12000,25,126.84752158657@37.5489680502275
11500,강서구,화곡동,1075-5,(1075-5),2011,5,26.6,2022,1,10,2000,40,126.84009705317@37.5411354055911
11500,강서구,화곡동,24-118,(24-118),1997,4,25.59,2022,1,12,500,28,126.846378115342@37.5458974284924
11500,강서구,화곡동,982-17,크라운뷰,2009,12,49.22,2022,1,14,9000,30,126.84752158657@37.5489680502275
11500,강서구,화곡동,937-7,도양라비앙오피스텔,2019,2,29.34,2022,1,18,12000,40,126.839825259687@37.5293475532465
11500,강서구,화곡동,937-7,도양라비앙오피스텔,2019,7,29.34,2022,1,19,12000,40,126.839825259687@37.5293475532465
11500,강서구,화곡동,1097-6,한나일프레이즈,2010,2,28.3,2022,1,20,10000,0,126.850471157373@37.5535936081164
11500,강서구,화곡동,916-6,천우네오젠 9차 및 오피스텔,2009,4,26.39,2022,1,20,13125,0,126.842953473728@37.5293967940823
11500,강서구,화곡동,24-140,아델리아I,2012,3,39.62,2022,1,24,13500,0,126.846342413912@37.5453370235995
11500,강서구,화곡동,917-7,베스트빌(917-7),2003,5,23.37,2022,1,24,5000,0,126.844129383616@37.5294424574166
11500,강서구,화곡동,1075-15,두선빌 오피스텔,2002,4,25.02,2022,1,24,10000,0,126.840487952801@37.5409303104253
11500,강서구,화곡동,1097-6,한나일프레이즈,2010,2,28.3,2022,1,28,5000,0,126.850471157373@37.5535936081164
11500,강서구,가양동,1480-5,이스타빌1차,2002,4,27.0,2022,1,7,12000,0,126.853003378704@37.562604799047
11500,강서구,가양동,1479-8,동양 트레벨 스카이 오피스텔,2003,11,24.36,2022,1,10,11000,0,126.850919487753@37.5637379776777
11500,강서구,가양동,1480-1,이스타빌2차,2003,4,32.8,2022,1,16,10000,10,126.852691762429@37.5632568106804
11500,강서구,가양동,1479-9,휴먼빌,2004,13,25.64,2022,1,21,10000,0,126.851199212265@37.563582789378
11500,강서구,가양동,1479-9,휴먼빌,2004,14,25.64,2022,1,24,9500,0,126.851199212265@37.563582789378
11500,강서구,가양동,1480-5,이스타빌1차,2002,12,25.84,2022,1,27,8000,25,126.853003378704@37.562604799047
11500,강서구,마곡동,760-2,마곡나루역캐슬파크,2016,10,25.6,2022,1,3,10000,38,126.827465991553@37.5678538473414
11500,강서구,마곡동,776-2,마곡센트럴대방디엠시티오피스텔,2017,11,24.02,2022,1,7,10000,35,126.840297793311@37.5683002897358
11500,강서구,마곡동,739-4,마곡 헤리움1차,2015,7,24.07,2022,1,8,5000,37,126.818569096967@37.5666871272345
11500,강서구,마곡동,760-2,마곡나루역캐슬파크,2016,14,23.39,2022,1,8,7000,40,126.827465991553@37.5678538473414
11500,강서구,마곡동,776-2,마곡센트럴대방디엠시티오피스텔,2017,9,30.84,2022,1,13,10000,34,126.840297793311@37.5683002897358
11500,강서구,마곡동,758,마곡시티오피스텔,2016,2,24.4,2022,1,14,13976,0,126.825610389838@37.5692882520178
11500,강서구,마곡동,773-3,힐스테이트에코동익,2017,12,24.57,2022,1,14,5000,40,126.829003171406@37.5598870117656
11500,강서구,마곡동,795-2,마곡아이파크,2016,4,25.29,2022,1,17,10400,15,126.837589735162@37.5605543109152
11500,강서구,마곡동,760-2,마곡나루역캐슬파크,2016,9,23.39,2022,1,17,13538,0,126.827465991553@37.5678538473414
11500,강서구,마곡동,739-4,마곡 헤리움1차,2015,5,24.07,2022,1,17,13700,0,126.818569096967@37.5666871272345
11500,강서구,마곡동,795-2,마곡아이파크,2016,14,23.82,2022,1,22,6000,31,126.837589735162@37.5605543109152
11500,강서구,마곡동,760-2,마곡나루역캐슬파크,2016,11,23.39,2022,1,22,8000,28,126.827465991553@37.5678538473414
11500,강서구,마곡동,760-2,마곡나루역캐슬파크,2016,5,30.04,2022,1,24,10000,28,126.827465991553@37.5678538473414
11500,강서구,마곡동,776-4,엠코지니어스타,2015,3,24.83,2022,1,25,9000,27,126.840582292868@37.567432636651
11500,강서구,마곡동,773-3,힐스테이트에코동익,2017,13,24.57,2022,1,28,8000,22,126.829003171406@37.5598870117656
11500,강서구,마곡동,773-3,힐스테이트에코동익,2017,11,24.57,2022,1,28,8000,35,126.829003171406@37.5598870117656
11500,강서구,공항동,49-1,이스카이오피스텔,2011,10,25.41,2022,1,3,10500,0,126.809245210978@37.5612154306854
11500,강서구,공항동,45-19,대룡드림타워-Ⅱ,2005,12,25.83,2022,1,8,9500,0,126.808907666244@37.5618434902662
11500,강서구,공항동,45-19,대룡드림타워-Ⅱ,2005,5,25.83,2022,1,15,5000,20,126.808907666244@37.5618434902662
11500,강서구,공항동,49-1,이스카이오피스텔,2011,11,28.11,2022,1,17,13000,0,126.809245210978@37.5612154306854
11500,강서구,공항동,49-1,이스카이오피스텔,2011,7,24.99,2022,1,24,1000,40,126.809245210978@37.5612154306854
11500,강서구,공항동,49-1,이스카이오피스텔,2011,6,25.41,2022,1,27,10000,0,126.809245210978@37.5612154306854
11500,강서구,방화동,621-2,벤처오피스텔(621-2),2003,10,31.58,2022,1,4,3000,30,126.807752083032@37.5622848449654
11500,강서구,방화동,620-209,더스카이2,2016,3,27.37,2022,1,5,13000,10,126.806743439412@37.5639975112958
11500,강서구,방화동,829,오피앙2,2002,6,28.5,2022,1,6,500,40,126.8125052385@37.5784531305184
11500,강서구,방화동,830,오피앙,2001,7,28.5,2022,1,6,500,40,126.813294132982@37.5781707112786
11500,강서구,방화동,830-3,방화샤르망1오피스텔,2003,5,24.9,2022,1,7,500,40,126.813025742326@37.5764733766294
11500,강서구,방화동,829-5,에어뷰21-1오피스텔,1999,12,24.99,2022,1,8,1000,35,126.81282165913@37.5783740078327
11500,강서구,방화동,620-214,(620-214),2011,2,27.37,2022,1,8,11000,0,126.807147244916@37.5628357689758
11500,강서구,방화동,829,오피앙2,2002,7,37.48,2022,1,11,13000,0,126.8125052385@37.5784531305184
11500,강서구,방화동,620-214,(620-214),2011,6,27.37,2022,1,17,11250,0,126.807147244916@37.5628357689758
11500,강서구,방화동,829-5,에어뷰21-1오피스텔,1999,9,24.99,2022,1,21,500,40,126.81282165913@37.5783740078327
11500,강서구,방화동,620-209,더스카이2,2016,2,27.37,2022,1,24,13000,0,126.806743439412@37.5639975112958
11500,강서구,방화동,829-5,에어뷰21-1오피스텔,1999,5,26.86,2022,1,25,2000,29,126.81282165913@37.5783740078327
11500,강서구,방화동,830-3,방화샤르망1오피스텔,2003,3,24.9,2022,1,26,500,40,126.813025742326@37.5764733766294
11500,강서구,방화동,830-1,에어뷰21-2오피스텔,1999,8,26.91,2022,1,29,500,40,126.81295147539@37.5772813416219
11500,강서구,염창동,263-20,동남빌리지,2019,6,28.4,2022,2,9,5000,31,126.874799110157@37.5486765791003
11500,강서구,등촌동,635-5,대외그랜드오피스텔,2003,5,27.72,2022,2,3,8400,0,126.862102620418@37.5545783083403
11500,강서구,등촌동,633-24,등촌동 Y HAUS 오피스텔,2020,10,28.61,2022,2,4,13000,40,126.865876820025@37.553373829121
11500,강서구,등촌동,649-14,우림보보카운티뷰,2004,3,25.17,2022,2,10,13000,0,126.863420741762@37.5520638033894
11500,강서구,등촌동,631-17,DongNam II,2021,2,24.56,2022,2,14,1000,30,126.861872303754@37.5561404863013
11500,강서구,등촌동,642-2,신도그랑피아오피스텔,2003,6,28.98,2022,2,26,12000,0,126.858750862201@37.555588037769
11500,강서구,등촌동,635-5,대외그랜드오피스텔,2003,7,27.72,2022,2,28,3000,40,126.862102620418@37.5545783083403
11500,강서구,화곡동,924-24,리치아파트 102동,2020,3,29.88,2022,2,7,12000,32,126.841801946832@37.5297376520208
11500,강서구,화곡동,982-17,크라운뷰,2009,11,42.72,2022,2,9,13500,0,126.84752158657@37.5489680502275
11500,강서구,화곡동,1097-6,한나일프레이즈,2010,3,28.3,2022,2,9,10000,0,126.850471157373@37.5535936081164
11500,강서구,화곡동,920-17,청담라인씨티,2018,5,29.8,2022,2,10,10000,25,126.84203542607@37.5300857570644
11500,강서구,화곡동,924-24,리치아파트 102동,2020,3,32.06,2022,2,11,13650,20,126.841801946832@37.5297376520208
11500,강서구,화곡동,29-39,동인오피스텔,2002,3,23.92,2022,2,21,4000,30,126.847484309697@37.546752538215
11500,강서구,화곡동,29-62,화성오피스텔(29-62),2004,4,28.98,2022,2,21,5000,0,126.84811427588@37.546003689141
11500,강서구,화곡동,982-17,크라운뷰,2009,13,49.22,2022,2,21,11000,40,126.84752158657@37.5489680502275
11500,강서구,화곡동,937-7,도양라비앙오피스텔,2019,3,29.02,2022,2,22,12000,40,126.839825259687@37.5293475532465
11500,강서구,화곡동,982-17,크라운뷰,2009,13,41.62,2022,2,22,9000,22,126.84752158657@37.5489680502275
11500,강서구,화곡동,1063-8,서안EZtel,2001,11,29.16,2022,2,26,11550,0,126.841724514175@37.5425349896748
11500,강서구,가양동,1479-8,동양 트레벨 스카이 오피스텔,2003,4,26.96,2022,2,4,4500,30,126.850919487753@37.5637379776777
11500,강서구,가양동,1479-9,휴먼빌,2004,8,25.64,2022,2,4,2000,40,126.851199212265@37.563582789378
11500,강서구,가양동,1480-4,미씨엘로오피스텔,2010,5,24.48,2022,2,7,12200,0,126.8533223453@37.5629039676642
11500,강서구,가양동,1480-5,이스타빌1차,2002,14,30.24,2022,2,11,12300,0,126.853003378704@37.562604799047
11500,강서구,가양동,1480-1,이스타빌2차,2003,4,32.8,2022,2,16,6000,30,126.852691762429@37.5632568106804
11500,강서구,가양동,1480-5,이스타빌1차,2002,13,32.4,2022,2,16,12600,0,126.853003378704@37.562604799047
11500,강서구,가양동,1480-1,이스타빌2차,2003,8,30.6,2022,2,16,14000,0,126.852691762429@37.5632568106804
11500,강서구,가양동,1480-1,이스타빌2차,2003,13,26.15,2022,2,17,12500,0,126.852691762429@37.5632568106804
11500,강서구,가양동,1480-1,이스타빌2차,2003,5,35.2,2022,2,22,14000,10,126.852691762429@37.5632568106804
11500,강서구,가양동,1480-1,이스타빌2차,2003,13,23.43,2022,2,22,1000,40,126.852691762429@37.5632568106804
11500,강서구,가양동,1479-9,휴먼빌,2004,14,25.64,2022,2,24,3000,35,126.851199212265@37.563582789378
11500,강서구,가양동,1480-5,이스타빌1차,2002,15,27.0,2022,2,25,2000,40,126.853003378704@37.562604799047
11500,강서구,마곡동,795-2,마곡아이파크,2016,9,25.59,2022,2,7,8000,35,126.837589735162@37.5605543109152
11500,강서구,마곡동,776-2,마곡센트럴대방디엠시티오피스텔,2017,12,24.02,2022,2,11,7000,33,126.840297793311@37.5683002897358
11500,강서구,마곡동,773-3,힐스테이트에코동익,2017,9,24.57,2022,2,16,12700,0,126.829003171406@37.5598870117656
11500,강서구,마곡동,739-4,마곡 헤리움1차,2015,7,29.14,2022,2,17,10000,40,126.818569096967@37.5666871272345
11500,강서구,마곡동,776-4,엠코지니어스타,2015,14,23.84,2022,2,18,8000,33,126.840582292868@37.567432636651
11500,강서구,마곡동,758-4,마곡럭스나인오피스텔,2016,8,25.29,2022,2,24,12761,0,126.826102598635@37.5689294987549
11500,강서구,마곡동,797-14,힐스테이트에코마곡,2016,8,24.46,2022,2,25,3400,40,126.837265504264@37.5596224853966
11500,강서구,마곡동,797-14,힐스테이트에코마곡,2016,10,24.09,2022,2,27,10000,32,126.837265504264@37.5596224853966
11500,강서구,내발산동,655-11,프리즘 파스텔,2001,6,56.23,2022,2,8,10000,0,126.836980214933@37.5556164317323
11500,강서구,공항동,49-1,이스카이오피스텔,2011,11,28.11,2022,2,10,11000,10,126.809245210978@37.5612154306854
11500,강서구,공항동,45-19,대룡드림타워-Ⅱ,2005,9,23.64,2022,2,14,9000,0,126.808907666244@37.5618434902662
11500,강서구,방화동,829,오피앙2,2002,10,37.48,2022,2,4,14000,0,126.8125052385@37.5784531305184
11500,강서구,방화동,829-5,에어뷰21-1오피스텔,1999,7,26.86,2022,2,7,500,40,126.81282165913@37.5783740078327
11500,강서구,방화동,829-5,에어뷰21-1오피스텔,1999,10,24.99,2022,2,8,500,40,126.81282165913@37.5783740078327
11500,강서구,방화동,829-5,에어뷰21-1오피스텔,1999,8,26.91,2022,2,8,500,40,126.81282165913@37.5783740078327
11500,강서구,방화동,620-214,(620-214),2011,8,31.33,2022,2,9,14000,0,126.807147244916@37.5628357689758
11500,강서구,방화동,829-5,에어뷰21-1오피스텔,1999,12,24.99,2022,2,10,1000,35,126.81282165913@37.5783740078327
11500,강서구,방화동,620-52,벤처오피스텔(620-52),2002,3,26.0,2022,2,11,10500,0,126.808135392642@37.5625097278816
11500,강서구,방화동,830-2,하이포트,1999,6,29.8,2022,2,11,300,40,126.81267508114@37.5765639634024
11500,강서구,방화동,830-1,에어뷰21-2오피스텔,1999,12,26.91,2022,2,12,500,40,126.81295147539@37.5772813416219
11500,강서구,방화동,620-52,벤처오피스텔(620-52),2002,3,26.4,2022,2,12,11500,0,126.808135392642@37.5625097278816
11500,강서구,방화동,830,오피앙,2001,7,28.5,2022,2,12,500,40,126.813294132982@37.5781707112786
11500,강서구,방화동,620-214,(620-214),2011,5,27.37,2022,2,14,13000,0,126.807147244916@37.5628357689758
11500,강서구,방화동,620-214,(620-214),2011,10,31.33,2022,2,15,13850,2,126.807147244916@37.5628357689758
11500,강서구,방화동,830-3,방화샤르망1오피스텔,2003,5,24.9,2022,2,16,300,40,126.813025742326@37.5764733766294
11500,강서구,방화동,620-214,(620-214),2011,10,27.37,2022,2,22,11000,0,126.807147244916@37.5628357689758
11500,강서구,방화동,830-1,에어뷰21-2오피스텔,1999,4,26.22,2022,2,24,500,40,126.81295147539@37.5772813416219
11500,강서구,방화동,830-3,방화샤르망1오피스텔,2003,3,24.9,2022,2,26,500,40,126.813025742326@37.5764733766294
11500,강서구,방화동,620-214,(620-214),2011,5,27.37,2022,2,26,11000,0,126.807147244916@37.5628357689758
11500,강서구,염창동,267-20,원호엘리시온 오피스텔,2003,7,29.73,2022,3,30,7000,27,126.868165797827@37.5517946701015
11500,강서구,등촌동,649-14,우림보보카운티뷰,2004,3,27.36,2022,3,9,2500,35,126.863420741762@37.5520638033894
11500,강서구,등촌동,628-13,현대프린스텔,1999,6,28.78,2022,3,25,9500,0,126.856360978857@37.5600880436922
11500,강서구,등촌동,78-7,길훈엔트런스빌,2004,13,27.29,2022,3,25,9000,24,126.854576538264@37.5608895609988
11500,강서구,등촌동,649-14,우림보보카운티뷰,2004,10,25.17,2022,3,26,13000,0,126.863420741762@37.5520638033894
11500,강서구,등촌동,673-6,등촌동성원상떼뷰오피스텔,2003,6,38.98,2022,3,29,10000,20,126.840035102387@37.5587721237752
11500,강서구,화곡동,1051-24,더에스에스타운,2020,6,33.31,2022,3,3,4860,16,126.839232389508@37.5421641709552
11500,강서구,화곡동,24-53,대흥오피스텔,1997,6,30.6,2022,3,4,11000,15,126.847057738571@37.5469609393121
11500,강서구,화곡동,1051-24,더에스에스타운,2020,3,29.19,2022,3,11,60,35,126.839232389508@37.5421641709552
11500,강서구,화곡동,1051-24,더에스에스타운,2020,3,29.93,2022,3,11,60,36,126.839232389508@37.5421641709552
11500,강서구,화곡동,924-24,리치아파트 102동,2020,4,29.97,2022,3,14,13650,20,126.841801946832@37.5297376520208
11500,강서구,화곡동,982-17,크라운뷰,2009,8,41.62,2022,3,15,13650,0,126.84752158657@37.5489680502275
11500,강서구,화곡동,982-17,크라운뷰,2009,5,51.14,2022,3,15,12000,12,126.84752158657@37.5489680502275
11500,강서구,화곡동,982-13,동도 센트리움 오피스텔,2010,4,25.38,2022,3,16,3000,35,126.847800892963@37.5491438627212
11500,강서구,화곡동,982-17,크라운뷰,2009,8,42.72,2022,3,19,13000,2,126.84752158657@37.5489680502275
11500,강서구,화곡동,917-7,베스트빌(917-7),2003,2,23.37,2022,3,25,700,40,126.844129383616@37.5294424574166
11500,강서구,화곡동,1111-3,경동엠파이어스테이트,2012,14,24.61,2022,3,28,10000,30,126.85186243129@37.5542990546939
11500,강서구,화곡동,24-122,송원오피스텔(24-122),1995,4,34.83,2022,3,28,12000,3,126.846107371066@37.5460348338266
11500,강서구,화곡동,917-7,베스트빌(917-7),2003,4,23.37,2022,3,29,1000,40,126.844129383616@37.5294424574166
11500,강서구,가양동,1480-5,이스타빌1차,2002,5,30.24,2022,3,4,4000,35,126.853003378704@37.562604799047
11500,강서구,가양동,1480-1,이스타빌2차,2003,10,26.28,2022,3,4,12800,0,126.852691762429@37.5632568106804
11500,강서구,가양동,1480-5,이스타빌1차,2002,6,30.24,2022,3,9,3000,40,126.853003378704@37.562604799047
11500,강서구,가양동,1479-9,휴먼빌,2004,14,25.64,2022,3,12,7000,25,126.851199212265@37.563582789378
11500,강서구,가양동,1480-5,이스타빌1차,2002,12,27.0,2022,3,14,12000,0,126.853003378704@37.562604799047
11500,강서구,가양동,1479-8,동양 트레벨 스카이 오피스텔,2003,3,24.36,2022,3,17,10800,0,126.850919487753@37.5637379776777
11500,강서구,가양동,187-7,플래티노,2020,11,29.92,2022,3,18,13000,0,126.840910429231@37.5701940844225
11500,강서구,가양동,1479-9,휴먼빌,2004,12,25.64,2022,3,19,8000,0,126.851199212265@37.563582789378
11500,강서구,가양동,1480-5,이스타빌1차,2002,14,25.84,2022,3,21,9000,25,126.853003378704@37.562604799047
11500,강서구,가양동,1479-8,동양 트레벨 스카이 오피스텔,2003,8,24.36,2022,3,21,6000,30,126.850919487753@37.5637379776777
11500,강서구,가양동,1480-4,미씨엘로오피스텔,2010,4,26.52,2022,3,25,13125,0,126.8533223453@37.5629039676642
11500,강서구,가양동,1480-1,이스타빌2차,2003,10,29.2,2022,3,29,14000,0,126.852691762429@37.5632568106804
11500,강서구,가양동,1480-5,이스타빌1차,2002,3,32.4,2022,3,31,12600,0,126.853003378704@37.562604799047
11500,강서구,마곡동,793-6,우성르보아,2015,5,24.45,2022,3,2,10000,30,126.838847380138@37.5618292480423
11500,강서구,마곡동,760-2,마곡나루역캐슬파크,2016,7,26.22,2022,3,3,4000,38,126.827465991553@37.5678538473414
11500,강서구,마곡동,760-2,마곡나루역캐슬파크,2016,8,25.6,2022,3,4,9000,33,126.827465991553@37.5678538473414
11500,강서구,마곡동,797-14,힐스테이트에코마곡,2016,10,24.09,2022,3,8,12264,0,126.837265504264@37.5596224853966
11500,강서구,마곡동,773-3,힐스테이트에코동익,2017,8,24.57,2022,3,11,10000,35,126.829003171406@37.5598870117656
11500,강서구,마곡동,773-3,힐스테이트에코동익,2017,12,24.57,2022,3,12,10000,31,126.829003171406@37.5598870117656
11500,강서구,마곡동,760-2,마곡나루역캐슬파크,2016,5,25.6,2022,3,17,13890,0,126.827465991553@37.5678538473414
11500,강서구,마곡동,773-3,힐스테이트에코동익,2017,14,24.57,2022,3,22,10000,37,126.829003171406@37.5598870117656
11500,강서구,마곡동,773-3,힐스테이트에코동익,2017,11,24.57,2022,3,25,10000,35,126.829003171406@37.5598870117656
11500,강서구,마곡동,776-2,마곡센트럴대방디엠시티오피스텔,2017,13,24.02,2022,3,26,5000,39,126.840297793311@37.5683002897358
11500,강서구,마곡동,776-2,마곡센트럴대방디엠시티오피스텔,2017,8,24.02,2022,3,28,12500,22,126.840297793311@37.5683002897358
11500,강서구,공항동,49-1,이스카이오피스텔,2011,4,24.99,2022,3,9,12000,0,126.809245210978@37.5612154306854
11500,강서구,방화동,829,오피앙2,2002,10,37.48,2022,3,3,14000,0,126.8125052385@37.5784531305184
11500,강서구,방화동,621-2,벤처오피스텔(621-2),2003,8,27.9,2022,3,4,9200,3,126.807752083032@37.5622848449654
11500,강서구,방화동,620-175,공항오피스텔,2001,3,28.65,2022,3,4,1000,37,126.807955464235@37.5623428995396
11500,강서구,방화동,620-214,(620-214),2011,12,27.37,2022,3,5,11250,0,126.807147244916@37.5628357689758
11500,강서구,방화동,830-2,하이포트,1999,7,29.8,2022,3,6,10000,0,126.81267508114@37.5765639634024
11500,강서구,방화동,849,벽산에어트리움,2003,6,28.03,2022,3,7,2000,40,126.806969182308@37.5724150888211
11500,강서구,방화동,830-2,하이포트,1999,3,29.8,2022,3,9,8500,0,126.81267508114@37.5765639634024
11500,강서구,방화동,830-1,에어뷰21-2오피스텔,1999,5,26.22,2022,3,10,5000,10,126.81295147539@37.5772813416219
11500,강서구,방화동,830-1,에어뷰21-2오피스텔,1999,11,26.22,2022,3,11,500,40,126.81295147539@37.5772813416219
11500,강서구,방화동,830-1,에어뷰21-2오피스텔,1999,10,26.22,2022,3,11,500,40,126.81295147539@37.5772813416219
11500,강서구,방화동,829-5,에어뷰21-1오피스텔,1999,4,24.99,2022,3,12,500,40,126.81282165913@37.5783740078327
11500,강서구,방화동,829-5,에어뷰21-1오피스텔,1999,11,26.86,2022,3,14,500,40,126.81282165913@37.5783740078327
11500,강서구,방화동,829-5,에어뷰21-1오피스텔,1999,9,26.91,2022,3,14,500,40,126.81282165913@37.5783740078327
11500,강서구,방화동,829-5,에어뷰21-1오피스텔,1999,4,26.86,2022,3,16,500,40,126.81282165913@37.5783740078327
11500,강서구,방화동,830-1,에어뷰21-2오피스텔,1999,10,26.22,2022,3,17,7500,0,126.81295147539@37.5772813416219
11500,강서구,방화동,829-5,에어뷰21-1오피스텔,1999,8,26.86,2022,3,17,3000,25,126.81282165913@37.5783740078327
11500,강서구,방화동,830-1,에어뷰21-2오피스텔,1999,3,26.22,2022,3,17,1000,35,126.81295147539@37.5772813416219
11500,강서구,방화동,830-1,에어뷰21-2오피스텔,1999,6,26.22,2022,3,17,500,40,126.81295147539@37.5772813416219
11500,강서구,방화동,830-1,에어뷰21-2오피스텔,1999,11,26.22,2022,3,21,500,40,126.81295147539@37.5772813416219
11500,강서구,방화동,830-1,에어뷰21-2오피스텔,1999,3,26.22,2022,3,23,500,40,126.81295147539@37.5772813416219
11500,강서구,방화동,830-1,에어뷰21-2오피스텔,1999,12,26.22,2022,3,23,1000,35,126.81295147539@37.5772813416219
11500,강서구,방화동,829-5,에어뷰21-1오피스텔,1999,11,24.99,2022,3,24,8100,0,126.81282165913@37.5783740078327
11500,강서구,방화동,830-1,에어뷰21-2오피스텔,1999,7,31.74,2022,3,26,6000,25,126.81295147539@37.5772813416219
11500,강서구,방화동,829,오피앙2,2002,5,28.5,2022,3,26,500,40,126.8125052385@37.5784531305184
11500,강서구,방화동,830-1,에어뷰21-2오피스텔,1999,4,26.22,2022,3,31,500,40,126.81295147539@37.5772813416219
11500,강서구,등촌동,649-14,우림보보카운티뷰,2004,4,27.36,2022,4,2,14000,0,126.863420741762@37.5520638033894
11500,강서구,등촌동,635-5,대외그랜드오피스텔,2003,4,27.72,2022,4,6,2000,35,126.862102620418@37.5545783083403
11500,강서구,등촌동,635-5,대외그랜드오피스텔,2003,4,27.72,2022,4,9,1000,40,126.862102620418@37.5545783083403
11500,강서구,화곡동,899-43,월드오피스텔,2002,3,24.5,2022,4,1,7200,0,126.846235974333@37.5304141376748
11500,강서구,화곡동,982-17,크라운뷰,2009,10,42.72,2022,4,1,13650,0,126.84752158657@37.5489680502275
11500,강서구,화곡동,29-44,(29-44),1996,3,27.73,2022,4,2,10000,0,126.847825522617@37.5466239881307
11500,강서구,화곡동,920-17,청담라인씨티,2018,3,29.68,2022,4,7,10000,29,126.84203542607@37.5300857570644
11500,강서구,화곡동,982-17,크라운뷰,2009,7,41.62,2022,4,8,10000,30,126.84752158657@37.5489680502275
11500,강서구,화곡동,29-80,화곡동오피스텔,2002,3,24.9,2022,4,12,6000,0,126.848378764449@37.5456895088535
11500,강서구,화곡동,920-17,청담라인씨티,2018,4,29.8,2022,4,14,12000,26,126.84203542607@37.5300857570644
11500,강서구,화곡동,920-17,청담라인씨티,2018,4,29.68,2022,4,14,10000,30,126.84203542607@37.5300857570644
11500,강서구,화곡동,70-5,에이탑오피스텔,2003,2,39.35,2022,4,18,10000,0,126.845071148073@37.5455982429262
11500,강서구,화곡동,24-92,아덴하임,2020,2,29.57,2022,4,23,10000,16,126.845485638279@37.5462311812095
11500,강서구,화곡동,920-5,(920-5),2014,4,29.71,2022,4,27,13100,0,126.84242656667@37.5301798860847
11500,강서구,화곡동,920-17,청담라인씨티,2018,5,29.68,2022,4,27,14000,12,126.84203542607@37.5300857570644
11500,강서구,화곡동,920-17,청담라인씨티,2018,5,24.38,2022,4,28,10000,16,126.84203542607@37.5300857570644
11500,강서구,가양동,1479-8,동양 트레벨 스카이 오피스텔,2003,9,24.36,2022,4,17,11000,0,126.850919487753@37.5637379776777
11500,강서구,가양동,1479-8,동양 트레벨 스카이 오피스텔,2003,3,26.96,2022,4,19,11000,0,126.850919487753@37.5637379776777
11500,강서구,가양동,1479-8,동양 트레벨 스카이 오피스텔,2003,10,26.96,2022,4,20,4000,40,126.850919487753@37.5637379776777
11500,강서구,가양동,1480-5,이스타빌1차,2002,4,25.84,2022,4,25,7000,15,126.853003378704@37.562604799047
11500,강서구,마곡동,760-2,마곡나루역캐슬파크,2016,14,25.6,2022,4,2,10000,17,126.827465991553@37.5678538473414
11500,강서구,마곡동,795-2,마곡아이파크,2016,5,26.42,2022,4,2,10000,21,126.837589735162@37.5605543109152
11500,강서구,마곡동,773-3,힐스테이트에코동익,2017,11,24.57,2022,4,14,13000,30,126.829003171406@37.5598870117656
11500,강서구,마곡동,773-3,힐스테이트에코동익,2017,10,24.57,2022,4,22,13890,0,126.829003171406@37.5598870117656
11500,강서구,마곡동,773-1,마곡역센트럴푸르지오시티,2016,5,23.99,2022,4,27,12557,0,126.828193746859@37.5603987989152
11500,강서구,마곡동,773-3,힐스테이트에코동익,2017,5,24.57,2022,4,27,10000,35,126.829003171406@37.5598870117656
11500,강서구,마곡동,739-4,마곡 헤리움1차,2015,5,24.07,2022,4,28,1000,40,126.818569096967@37.5666871272345
11500,강서구,마곡동,773-1,마곡역센트럴푸르지오시티,2016,14,23.87,2022,4,29,7000,40,126.828193746859@37.5603987989152
11500,강서구,공항동,45-19,대룡드림타워-Ⅱ,2005,10,27.34,2022,4,11,10500,0,126.808907666244@37.5618434902662
11500,강서구,공항동,49-1,이스카이오피스텔,2011,10,24.57,2022,4,23,10000,0,126.809245210978@37.5612154306854
11500,강서구,방화동,849,벽산에어트리움,2003,7,28.03,2022,4,7,9500,0,126.806969182308@37.5724150888211
11500,강서구,방화동,829-5,에어뷰21-1오피스텔,1999,9,24.99,2022,4,9,500,40,126.81282165913@37.5783740078327
11500,강서구,방화동,829-5,에어뷰21-1오피스텔,1999,5,24.99,2022,4,11,8000,0,126.81282165913@37.5783740078327
11500,강서구,방화동,849,벽산에어트리움,2003,3,28.03,2022,4,13,2000,37,126.806969182308@37.5724150888211
11500,강서구,방화동,620-214,(620-214),2011,7,27.37,2022,4,13,13500,0,126.807147244916@37.5628357689758
11500,강서구,방화동,830-1,에어뷰21-2오피스텔,1999,10,26.91,2022,4,18,500,38,126.81295147539@37.5772813416219
11500,강서구,방화동,830-1,에어뷰21-2오피스텔,1999,10,26.91,2022,4,18,500,40,126.81295147539@37.5772813416219
11500,강서구,방화동,830-3,방화샤르망1오피스텔,2003,8,24.9,2022,4,19,500,40,126.813025742326@37.5764733766294
11500,강서구,방화동,620-214,(620-214),2011,2,31.33,2022,4,21,13000,0,126.807147244916@37.5628357689758
11500,강서구,방화동,620-214,(620-214),2011,7,27.37,2022,4,22,13500,0,126.807147244916@37.5628357689758
11500,강서구,방화동,621-2,벤처오피스텔(621-2),2003,3,25.16,2022,4,22,6000,15,126.807752083032@37.5622848449654
11500,강서구,방화동,621-2,벤처오피스텔(621-2),2003,3,25.16,2022,4,23,8400,0,126.807752083032@37.5622848449654
11500,강서구,방화동,830-1,에어뷰21-2오피스텔,1999,12,26.22,2022,4,25,8000,0,126.81295147539@37.5772813416219
11500,강서구,방화동,830-1,에어뷰21-2오피스텔,1999,10,26.22,2022,4,28,500,40,126.81295147539@37.5772813416219
11500,강서구,방화동,829-5,에어뷰21-1오피스텔,1999,6,24.99,2022,4,28,500,40,126.81282165913@37.5783740078327
11500,강서구,방화동,829-5,에어뷰21-1오피스텔,1999,6,26.86,2022,4,29,500,40,126.81282165913@37.5783740078327
11500,강서구,등촌동,635-5,대외그랜드오피스텔,2003,6,27.72,2022,5,6,9000,0,126.862102620418@37.5545783083403
11500,강서구,등촌동,78-7,길훈엔트런스빌,2004,12,27.29,2022,5,9,6000,30,126.854576538264@37.5608895609988
11500,강서구,등촌동,649-14,우림보보카운티뷰,2004,15,27.36,2022,5,27,6000,35,126.863420741762@37.5520638033894
11500,강서구,화곡동,925-22,아델스하임,2020,3,26.28,2022,5,9,10000,27,126.842297683612@37.5291853678795
11500,강서구,화곡동,982-17,크라운뷰,2009,14,42.72,2022,5,10,14000,2,126.84752158657@37.5489680502275
11500,강서구,화곡동,917-7,베스트빌(917-7),2003,6,23.37,2022,5,13,2500,25,126.844129383616@37.5294424574166
11500,강서구,화곡동,24-59,해오름빌딩,2011,6,25.06,2022,5,17,10000,20,126.846709539948@37.5472935375352
11500,강서구,화곡동,1063-5,동인쉐르빌,2003,4,23.79,2022,5,24,11000,0,126.841342011537@37.5425792197338
11500,강서구,화곡동,918-25,(918-25),2013,3,26.48,2022,5,25,12600,0,126.845166164749@37.5303316508342
11500,강서구,화곡동,24-79,줄리엣오피스텔,1999,2,28.92,2022,5,27,8000,0,126.846579522956@37.5466340939648
11500,강서구,화곡동,917-7,베스트빌(917-7),2003,3,23.37,2022,5,28,1000,40,126.844129383616@37.5294424574166
11500,강서구,가양동,1480-1,이스타빌2차,2003,8,32.8,2022,5,2,14000,10,126.852691762429@37.5632568106804
11500,강서구,가양동,1480-5,이스타빌1차,2002,13,30.24,2022,5,2,12700,0,126.853003378704@37.562604799047
11500,강서구,가양동,1479-8,동양 트레벨 스카이 오피스텔,2003,5,24.36,2022,5,2,3000,40,126.850919487753@37.5637379776777
11500,강서구,가양동,1479-8,동양 트레벨 스카이 오피스텔,2003,4,24.36,2022,5,13,2000,40,126.850919487753@37.5637379776777
11500,강서구,가양동,1479-9,휴먼빌,2004,3,25.64,2022,5,19,10000,0,126.851199212265@37.563582789378
11500,강서구,가양동,1480-5,이스타빌1차,2002,10,25.84,2022,5,20,3000,40,126.853003378704@37.562604799047
11500,강서구,가양동,1479-9,휴먼빌,2004,8,25.64,2022,5,24,11500,0,126.851199212265@37.563582789378
11500,강서구,가양동,1480-4,미씨엘로오피스텔,2010,2,26.52,2022,5,27,12000,0,126.8533223453@37.5629039676642
11500,강서구,가양동,1480-5,이스타빌1차,2002,13,27.0,2022,5,28,2000,40,126.853003378704@37.562604799047
11500,강서구,마곡동,760-2,마곡나루역캐슬파크,2016,10,23.39,2022,5,2,9000,40,126.827465991553@37.5678538473414
11500,강서구,마곡동,739-4,마곡 헤리움1차,2015,12,24.07,2022,5,10,13860,0,126.818569096967@37.5666871272345
11500,강서구,마곡동,758,마곡시티오피스텔,2016,8,24.4,2022,5,16,2500,37,126.825610389838@37.5692882520178
11500,강서구,마곡동,776-4,엠코지니어스타,2015,4,23.84,2022,5,19,10000,28,126.840582292868@37.567432636651
11500,강서구,마곡동,773-3,힐스테이트에코동익,2017,7,24.57,2022,5,20,6000,39,126.829003171406@37.5598870117656
11500,강서구,내발산동,655-11,프리즘 파스텔,2001,5,26.0,2022,5,3,3000,40,126.836980214933@37.5556164317323
11500,강서구,공항동,49-1,이스카이오피스텔,2011,10,28.11,2022,5,18,12600,0,126.809245210978@37.5612154306854
11500,강서구,공항동,45-19,대룡드림타워-Ⅱ,2005,11,23.64,2022,5,28,1000,40,126.808907666244@37.5618434902662
11500,강서구,방화동,829-5,에어뷰21-1오피스텔,1999,8,24.99,2022,5,2,7500,0,126.81282165913@37.5783740078327
11500,강서구,방화동,830-1,에어뷰21-2오피스텔,1999,7,26.22,2022,5,3,500,40,126.81295147539@37.5772813416219
11500,강서구,방화동,830,오피앙,2001,8,28.5,2022,5,4,500,40,126.813294132982@37.5781707112786
11500,강서구,방화동,620-214,(620-214),2011,3,27.37,2022,5,4,11000,0,126.807147244916@37.5628357689758
11500,강서구,방화동,829-5,에어뷰21-1오피스텔,1999,6,26.86,2022,5,4,500,40,126.81282165913@37.5783740078327
11500,강서구,방화동,830-1,에어뷰21-2오피스텔,1999,11,26.22,2022,5,6,500,40,126.81295147539@37.5772813416219
11500,강서구,방화동,830-1,에어뷰21-2오피스텔,1999,12,26.22,2022,5,10,7900,0,126.81295147539@37.5772813416219
11500,강서구,방화동,830-2,하이포트,1999,6,29.8,2022,5,11,500,40,126.81267508114@37.5765639634024
11500,강서구,방화동,830-1,에어뷰21-2오피스텔,1999,5,26.22,2022,5,12,7700,0,126.81295147539@37.5772813416219
11500,강서구,방화동,620-214,(620-214),2011,11,27.37,2022,5,13,11550,0,126.807147244916@37.5628357689758
11500,강서구,방화동,830-1,에어뷰21-2오피스텔,1999,9,26.22,2022,5,16,500,40,126.81295147539@37.5772813416219
11500,강서구,방화동,829-5,에어뷰21-1오피스텔,1999,8,26.86,2022,5,23,500,40,126.81282165913@37.5783740078327
11500,강서구,방화동,830-1,에어뷰21-2오피스텔,1999,7,26.91,2022,5,25,7900,0,126.81295147539@37.5772813416219
11500,강서구,방화동,830-1,에어뷰21-2오피스텔,1999,11,26.22,2022,5,26,500,40,126.81295147539@37.5772813416219
11500,강서구,방화동,830-1,에어뷰21-2오피스텔,1999,12,26.91,2022,5,27,500,40,126.81295147539@37.5772813416219
11500,강서구,방화동,829-5,에어뷰21-1오피스텔,1999,8,26.86,2022,5,28,8000,0,126.81282165913@37.5783740078327
11500,강서구,방화동,830-3,방화샤르망1오피스텔,2003,3,24.9,2022,5,30,500,40,126.813025742326@37.5764733766294
11500,강서구,염창동,266-12,한빛어반뉴스토리,2018,4,28.69,2022,6,25,10000,40,126.870156780919@37.5507128444924
11500,강서구,등촌동,649-14,우림보보카운티뷰,2004,13,25.17,2022,6,24,13000,0,126.863420741762@37.5520638033894
11500,강서구,등촌동,649-14,우림보보카운티뷰,2004,15,27.36,2022,6,25,5000,40,126.863420741762@37.5520638033894
11500,강서구,등촌동,628,등촌동노블리움오피스텔,2005,7,23.32,2022,6,26,12600,0,126.855644813637@37.5604657703971
11500,강서구,화곡동,908-4,(908-4),2004,4,30.4,2022,6,2,10000,0,126.847033032384@37.5279646057507
11500,강서구,화곡동,24-103,(24-103),2002,5,27.6,2022,6,7,10000,0,126.846360649418@37.5461261578935
11500,강서구,화곡동,1105,미래안포레,2022,7,23.47,2022,6,13,13000,30,126.850316855117@37.5529927864671
11500,강서구,화곡동,29-45,화성오피스텔(29-45),2003,6,25.95,2022,6,16,8400,0,126.847711419579@37.5464757751468
11500,강서구,화곡동,925-22,아델스하임,2020,3,26.28,2022,6,22,10000,27,126.842297683612@37.5291853678795
11500,강서구,화곡동,1051-24,더에스에스타운,2020,5,23.8,2022,6,22,60,31,126.839232389508@37.5421641709552
11500,강서구,화곡동,1111-2,귀뚜라미홈시스텔,2006,11,33.72,2022,6,28,2000,35,126.851985854415@37.5545236386557
11500,강서구,가양동,1480-4,미씨엘로오피스텔,2010,6,26.52,2022,6,8,7500,16,126.8533223453@37.5629039676642
11500,강서구,가양동,1480-4,미씨엘로오피스텔,2010,6,26.52,2022,6,8,7500,15,126.8533223453@37.5629039676642
11500,강서구,가양동,1480-5,이스타빌1차,2002,13,25.84,2022,6,17,10000,10,126.853003378704@37.562604799047
11500,강서구,가양동,1480-5,이스타빌1차,2002,12,30.24,2022,6,25,12500,0,126.853003378704@37.562604799047
11500,강서구,가양동,1480-5,이스타빌1차,2002,5,25.84,2022,6,30,12000,0,126.853003378704@37.562604799047
11500,강서구,마곡동,773-3,힐스테이트에코동익,2017,5,30.69,2022,6,1,13000,38,126.829003171406@37.5598870117656
11500,강서구,마곡동,773-3,힐스테이트에코동익,2017,5,24.57,2022,6,4,13004,0,126.829003171406@37.5598870117656
11500,강서구,마곡동,739-4,마곡 헤리움1차,2015,9,24.07,2022,6,7,10000,30,126.818569096967@37.5666871272345
11500,강서구,마곡동,776-2,마곡센트럴대방디엠시티오피스텔,2017,3,24.02,2022,6,11,13890,0,126.840297793311@37.5683002897358
11500,강서구,마곡동,773-3,힐스테이트에코동익,2017,14,25.26,2022,6,12,10000,40,126.829003171406@37.5598870117656
11500,강서구,마곡동,776-4,엠코지니어스타,2015,10,23.84,2022,6,14,12000,0,126.840582292868@37.567432636651
11500,강서구,마곡동,776-2,마곡센트럴대방디엠시티오피스텔,2017,5,24.02,2022,6,27,10000,31,126.840297793311@37.5683002897358
11500,강서구,마곡동,739-2,우성르보아투,2015,13,25.29,2022,6,30,5000,31,126.81777459747@37.5671948198409
11500,강서구,공항동,45-19,대룡드림타워-Ⅱ,2005,6,25.83,2022,6,7,500,35,126.808907666244@37.5618434902662
11500,강서구,공항동,45-19,대룡드림타워-Ⅱ,2005,6,25.83,2022,6,16,1000,40,126.808907666244@37.5618434902662
11500,강서구,공항동,45-19,대룡드림타워-Ⅱ,2005,12,23.64,2022,6,17,1000,40,126.808907666244@37.5618434902662
11500,강서구,공항동,45-19,대룡드림타워-Ⅱ,2005,3,25.83,2022,6,23,1000,35,126.808907666244@37.5618434902662
11500,강서구,공항동,72-61,비엔비빌리지,2011,4,25.13,2022,6,27,10000,15,126.808447827008@37.561017025551
11500,강서구,방화동,830-3,방화샤르망1오피스텔,2003,6,24.9,2022,6,6,500,40,126.813025742326@37.5764733766294
11500,강서구,방화동,620-52,벤처오피스텔(620-52),2002,6,26.0,2022,6,7,1000,40,126.808135392642@37.5625097278816
11500,강서구,방화동,620-52,벤처오피스텔(620-52),2002,4,26.0,2022,6,8,14000,0,126.808135392642@37.5625097278816
11500,강서구,방화동,830-1,에어뷰21-2오피스텔,1999,3,26.91,2022,6,9,8000,0,126.81295147539@37.5772813416219
11500,강서구,방화동,829-5,에어뷰21-1오피스텔,1999,5,24.99,2022,6,13,500,40,126.81282165913@37.5783740078327
11500,강서구,방화동,830-1,에어뷰21-2오피스텔,1999,5,26.91,2022,6,13,500,40,126.81295147539@37.5772813416219
11500,강서구,방화동,829-5,에어뷰21-1오피스텔,1999,10,24.99,2022,6,14,500,40,126.81282165913@37.5783740078327
11500,강서구,방화동,620-52,벤처오피스텔(620-52),2002,2,26.0,2022,6,15,8400,0,126.808135392642@37.5625097278816
11500,강서구,방화동,829-5,에어뷰21-1오피스텔,1999,3,26.86,2022,6,16,8100,0,126.81282165913@37.5783740078327
11500,강서구,방화동,829-5,에어뷰21-1오피스텔,1999,11,26.91,2022,6,17,500,40,126.81282165913@37.5783740078327
11500,강서구,방화동,621-2,벤처오피스텔(621-2),2003,4,29.6,2022,6,18,4000,35,126.807752083032@37.5622848449654
11500,강서구,방화동,830-1,에어뷰21-2오피스텔,1999,3,26.91,2022,6,20,500,40,126.81295147539@37.5772813416219
11500,강서구,방화동,829-5,에어뷰21-1오피스텔,1999,9,24.99,2022,6,22,500,40,126.81282165913@37.5783740078327
11500,강서구,방화동,830-1,에어뷰21-2오피스텔,1999,6,26.22,2022,6,28,500,40,126.81295147539@37.5772813416219
11500,강서구,방화동,830-1,에어뷰21-2오피스텔,1999,7,26.91,2022,6,28,500,40,126.81295147539@37.5772813416219
11500,강서구,방화동,830-1,에어뷰21-2오피스텔,1999,3,26.91,2022,6,29,500,40,126.81295147539@37.5772813416219
11500,강서구,방화동,849,벽산에어트리움,2003,9,28.03,2022,6,29,9800,0,126.806969182308@37.5724150888211
11500,강서구,등촌동,649-14,우림보보카운티뷰,2004,5,25.17,2022,7,10,3000,40,126.863420741762@37.5520638033894
11500,강서구,등촌동,649-14,우림보보카운티뷰,2004,13,25.17,2022,7,11,14000,0,126.863420741762@37.5520638033894
11500,강서구,등촌동,78-7,길훈엔트런스빌,2004,8,27.29,2022,7,11,5990,39,126.854576538264@37.5608895609988
11500,강서구,등촌동,628-13,현대프린스텔,1999,10,23.63,2022,7,12,9100,0,126.856360978857@37.5600880436922
11500,강서구,등촌동,649-14,우림보보카운티뷰,2004,3,27.36,2022,7,21,13000,15,126.863420741762@37.5520638033894
11500,강서구,등촌동,649-14,우림보보카운티뷰,2004,9,27.36,2022,7,28,5000,40,126.863420741762@37.5520638033894
11500,강서구,화곡동,1065-6,강서포스텔,1998,8,33.0,2022,7,5,10000,0,126.838825599291@37.5417221165799
11500,강서구,화곡동,24-138,토석아네스,2012,3,43.84,2022,7,9,14000,0,126.846292158791@37.5455331163283
11500,강서구,화곡동,24-122,송원오피스텔(24-122),1995,3,34.83,2022,7,12,8600,0,126.846107371066@37.5460348338266
11500,강서구,화곡동,925-11,세교예지안2차,2013,4,27.58,2022,7,16,12000,0,126.842576281703@37.5295406393237
11500,강서구,화곡동,935-15,골든라인씨티,2019,15,29.92,2022,7,18,11000,31,126.839384844048@37.5285358725085
11500,강서구,화곡동,918-25,(918-25),2013,4,26.48,2022,7,18,12600,0,126.845166164749@37.5303316508342
11500,강서구,화곡동,935-15,골든라인씨티,2019,11,29.9,2022,7,19,11000,31,126.839384844048@37.5285358725085
11500,강서구,화곡동,935-15,골든라인씨티,2019,3,29.9,2022,7,21,11000,21,126.839384844048@37.5285358725085
11500,강서구,화곡동,24-104,(24-104),2002,4,24.95,2022,7,27,9000,0,126.846491486889@37.5460576710022
11500,강서구,화곡동,982-17,크라운뷰,2009,7,51.14,2022,7,27,14000,13,126.84752158657@37.5489680502275
11500,강서구,화곡동,935-15,골든라인씨티,2019,9,29.9,2022,7,27,11000,29,126.839384844048@37.5285358725085
11500,강서구,화곡동,935-15,골든라인씨티,2019,7,29.99,2022,7,28,11000,26,126.839384844048@37.5285358725085
11500,강서구,화곡동,29-62,화성오피스텔(29-62),2004,3,25.5,2022,7,29,5000,0,126.84811427588@37.546003689141
11500,강서구,가양동,257-1,마곡보타닉투웨니퍼스트,2020,4,28.33,2022,7,5,11900,35,126.838333717004@37.5710209737931
11500,강서구,가양동,1480-5,이스타빌1차,2002,7,25.84,2022,7,11,11000,10,126.853003378704@37.562604799047
11500,강서구,가양동,1480-1,이스타빌2차,2003,4,30.6,2022,7,11,14000,0,126.852691762429@37.5632568106804
11500,강서구,가양동,1479-9,휴먼빌,2004,13,30.8,2022,7,18,12000,0,126.851199212265@37.563582789378
11500,강서구,가양동,1479-8,동양 트레벨 스카이 오피스텔,2003,15,26.96,2022,7,18,12500,0,126.850919487753@37.5637379776777
11500,강서구,가양동,1479-9,휴먼빌,2004,14,25.64,2022,7,19,2000,40,126.851199212265@37.563582789378
11500,강서구,가양동,1480-5,이스타빌1차,2002,11,27.0,2022,7,25,2000,40,126.853003378704@37.562604799047
11500,강서구,가양동,448-11,가양글로벌퍼스트,2018,4,28.12,2022,7,26,5000,0,126.858790736403@37.5604134344453
11500,강서구,마곡동,776-2,마곡센트럴대방디엠시티오피스텔,2017,4,29.48,2022,7,4,10000,31,126.840297793311@37.5683002897358
11500,강서구,마곡동,773-3,힐스테이트에코동익,2017,14,24.57,2022,7,11,5000,34,126.829003171406@37.5598870117656
11500,강서구,마곡동,739-4,마곡 헤리움1차,2015,8,29.14,2022,7,18,10000,40,126.818569096967@37.5666871272345
11500,강서구,마곡동,739-4,마곡 헤리움1차,2015,9,29.14,2022,7,21,10000,37,126.818569096967@37.5666871272345
11500,강서구,마곡동,795-2,마곡아이파크,2016,7,24.22,2022,7,22,10000,13,126.837589735162@37.5605543109152
11500,강서구,마곡동,773-3,힐스테이트에코동익,2017,5,24.57,2022,7,27,13000,35,126.829003171406@37.5598870117656
11500,강서구,공항동,45-19,대룡드림타워-Ⅱ,2005,5,27.34,2022,7,6,1000,40,126.808907666244@37.5618434902662
11500,강서구,방화동,829-5,에어뷰21-1오피스텔,1999,10,24.99,2022,7,6,500,40,126.81282165913@37.5783740078327
11500,강서구,방화동,620-52,벤처오피스텔(620-52),2002,6,24.96,2022,7,6,2000,40,126.808135392642@37.5625097278816
11500,강서구,방화동,620-175,공항오피스텔,2001,6,26.42,2022,7,7,3000,38,126.807955464235@37.5623428995396
11500,강서구,방화동,829-5,에어뷰21-1오피스텔,1999,7,26.86,2022,7,11,1000,35,126.81282165913@37.5783740078327
11500,강서구,방화동,830-1,에어뷰21-2오피스텔,1999,12,26.22,2022,7,12,500,40,126.81295147539@37.5772813416219
11500,강서구,방화동,830-1,에어뷰21-2오피스텔,1999,3,26.22,2022,7,13,500,40,126.81295147539@37.5772813416219
11500,강서구,방화동,829-5,에어뷰21-1오피스텔,1999,10,26.86,2022,7,14,500,40,126.81282165913@37.5783740078327
11500,강서구,방화동,620-209,더스카이2,2016,6,27.37,2022,7,19,13000,0,126.806743439412@37.5639975112958
11500,강서구,방화동,830-3,방화샤르망1오피스텔,2003,7,24.9,2022,7,21,1000,40,126.813025742326@37.5764733766294
11500,강서구,방화동,849,벽산에어트리움,2003,5,28.03,2022,7,23,8000,10,126.806969182308@37.5724150888211
11500,강서구,방화동,620-209,더스카이2,2016,2,27.37,2022,7,23,13500,0,126.806743439412@37.5639975112958
11500,강서구,방화동,830-3,방화샤르망1오피스텔,2003,6,24.9,2022,7,26,1000,23,126.813025742326@37.5764733766294
11500,강서구,방화동,829-5,에어뷰21-1오피스텔,1999,3,26.91,2022,7,27,500,40,126.81282165913@37.5783740078327
11500,강서구,염창동,266-12,한빛어반뉴스토리,2018,5,28.69,2022,8,8,10000,40,126.870156780919@37.5507128444924
11500,강서구,등촌동,684-3,대룡드림타워-1,2004,7,30.32,2022,8,9,13500,0,126.841431866803@37.5666022887842
11500,강서구,등촌동,635-5,대외그랜드오피스텔,2003,8,32.64,2022,8,31,10560,30,126.862102620418@37.5545783083403
11500,강서구,화곡동,920-17,청담라인씨티,2018,2,29.8,2022,8,1,11000,25,126.84203542607@37.5300857570644
11500,강서구,화곡동,935-15,골든라인씨티,2019,6,29.9,2022,8,2,11000,26,126.839384844048@37.5285358725085
11500,강서구,화곡동,982-17,크라운뷰,2009,4,49.22,2022,8,10,12740,10,126.84752158657@37.5489680502275
11500,강서구,화곡동,935-15,골든라인씨티,2019,2,29.92,2022,8,11,11000,30,126.839384844048@37.5285358725085
11500,강서구,화곡동,1073-9,거영오피스텔,2007,8,49.66,2022,8,18,3000,40,126.837244287432@37.5405003735411
11500,강서구,화곡동,105-498,우성오피스텔,2004,3,41.51,2022,8,18,11000,30,126.842680054136@37.5387527688586
11500,강서구,화곡동,1063-8,서안EZtel,2001,6,32.81,2022,8,19,9450,0,126.841724514175@37.5425349896748
11500,강서구,화곡동,982-17,크라운뷰,2009,7,49.22,2022,8,23,10900,30,126.84752158657@37.5489680502275
11500,강서구,화곡동,1111-3,경동엠파이어스테이트,2012,14,24.61,2022,8,25,14000,0,126.85186243129@37.5542990546939
11500,강서구,가양동,1479-9,휴먼빌,2004,13,25.64,2022,8,13,2000,40,126.851199212265@37.563582789378
11500,강서구,가양동,1480-5,이스타빌1차,2002,4,25.84,2022,8,16,7500,30,126.853003378704@37.562604799047
11500,강서구,가양동,1480-5,이스타빌1차,2002,6,30.24,2022,8,26,10000,20,126.853003378704@37.562604799047
11500,강서구,마곡동,773-3,힐스테이트에코동익,2017,9,25.26,2022,8,8,13000,35,126.829003171406@37.5598870117656
11500,강서구,마곡동,776-2,마곡센트럴대방디엠시티오피스텔,2017,13,24.02,2022,8,10,8880,30,126.840297793311@37.5683002897358
11500,강서구,마곡동,776-4,엠코지니어스타,2015,10,26.28,2022,8,24,10000,40,126.840582292868@37.567432636651
11500,강서구,마곡동,773-3,힐스테이트에코동익,2017,5,24.57,2022,8,24,13000,35,126.829003171406@37.5598870117656
11500,강서구,공항동,49-1,이스카이오피스텔,2011,4,27.98,2022,8,5,11800,0,126.809245210978@37.5612154306854
11500,강서구,공항동,45-19,대룡드림타워-Ⅱ,2005,3,25.83,2022,8,20,3000,30,126.808907666244@37.5618434902662
11500,강서구,방화동,620-52,벤처오피스텔(620-52),2002,3,26.0,2022,8,2,11000,0,126.808135392642@37.5625097278816
11500,강서구,방화동,830-3,방화샤르망1오피스텔,2003,5,24.9,2022,8,6,500,40,126.813025742326@37.5764733766294
11500,강서구,방화동,830-1,에어뷰21-2오피스텔,1999,6,26.22,2022,8,8,500,40,126.81295147539@37.5772813416219
11500,강서구,방화동,620-214,(620-214),2011,12,27.37,2022,8,13,11500,0,126.807147244916@37.5628357689758
11500,강서구,방화동,830-1,에어뷰21-2오피스텔,1999,3,26.91,2022,8,15,500,40,126.81295147539@37.5772813416219
11500,강서구,방화동,830-3,방화샤르망1오피스텔,2003,3,24.9,2022,8,16,500,40,126.813025742326@37.5764733766294
11500,강서구,방화동,620-214,(620-214),2011,13,27.37,2022,8,18,3000,40,126.807147244916@37.5628357689758
11500,강서구,방화동,830-3,방화샤르망1오피스텔,2003,4,24.9,2022,8,23,500,40,126.813025742326@37.5764733766294
11500,강서구,방화동,829-5,에어뷰21-1오피스텔,1999,9,26.86,2022,8,30,5500,0,126.81282165913@37.5783740078327
11500,강서구,방화동,829-5,에어뷰21-1오피스텔,1999,9,26.86,2022,8,30,13500,0,126.81282165913@37.5783740078327
11500,강서구,방화동,830-3,방화샤르망1오피스텔,2003,3,24.9,2022,8,30,500,40,126.813025742326@37.5764733766294
11500,강서구,방화동,830-3,방화샤르망1오피스텔,2003,6,24.9,2022,8,31,500,40,126.813025742326@37.5764733766294
11500,강서구,방화동,829-5,에어뷰21-1오피스텔,1999,10,24.99,2022,8,31,500,40,126.81282165913@37.5783740078327
11500,강서구,등촌동,649-14,우림보보카운티뷰,2004,9,25.17,2022,9,2,13750,0,126.863420741762@37.5520638033894
11500,강서구,등촌동,649-14,우림보보카운티뷰,2004,9,25.17,2022,9,2,14000,0,126.863420741762@37.5520638033894
11500,강서구,등촌동,633-24,등촌동 Y HAUS 오피스텔,2020,3,28.3,2022,9,3,10000,35,126.865876820025@37.553373829121
11500,강서구,등촌동,649-14,우림보보카운티뷰,2004,6,25.17,2022,9,3,13500,0,126.863420741762@37.5520638033894
11500,강서구,등촌동,631,등촌동두산위브센티움,2004,12,28.45,2022,9,14,10000,30,126.861386664814@37.5574005006316
11500,강서구,등촌동,631,등촌동두산위브센티움,2004,3,43.11,2022,9,20,10000,40,126.861386664814@37.5574005006316
11500,강서구,등촌동,631,등촌동두산위브센티움,2004,12,28.45,2022,9,28,10000,30,126.861386664814@37.5574005006316
11500,강서구,등촌동,649-14,우림보보카운티뷰,2004,10,25.17,2022,9,30,5000,30,126.863420741762@37.5520638033894
11500,강서구,화곡동,920-5,(920-5),2014,3,29.71,2022,9,5,12500,0,126.84242656667@37.5301798860847
11500,강서구,화곡동,982-17,크라운뷰,2009,6,35.54,2022,9,6,12000,30,126.84752158657@37.5489680502275
11500,강서구,화곡동,935-15,골든라인씨티,2019,4,29.92,2022,9,15,12000,29,126.839384844048@37.5285358725085
11500,강서구,화곡동,24-79,줄리엣오피스텔,1999,3,33.44,2022,9,15,8200,0,126.846579522956@37.5466340939648
11500,강서구,화곡동,918-25,(918-25),2013,3,26.48,2022,9,22,12600,0,126.845166164749@37.5303316508342
11500,강서구,화곡동,343-66,(343-66),2004,2,27.31,2022,9,24,13000,10,126.846572112397@37.5307162743393
11500,강서구,가양동,1480-5,이스타빌1차,2002,11,27.0,2022,9,6,12500,0,126.853003378704@37.562604799047
11500,강서구,가양동,1480-1,이스타빌2차,2003,8,34.0,2022,9,22,6000,35,126.852691762429@37.5632568106804
11500,강서구,가양동,1479-8,동양 트레벨 스카이 오피스텔,2003,8,26.96,2022,9,23,12000,0,126.850919487753@37.5637379776777
11500,강서구,가양동,1479-9,휴먼빌,2004,10,25.64,2022,9,23,10000,30,126.851199212265@37.563582789378
11500,강서구,가양동,1480-5,이스타빌1차,2002,5,27.0,2022,9,30,7000,35,126.853003378704@37.562604799047
11500,강서구,마곡동,773-3,힐스테이트에코동익,2017,11,24.57,2022,9,14,10000,32,126.829003171406@37.5598870117656
11500,강서구,마곡동,758-4,마곡럭스나인오피스텔,2016,4,25.29,2022,9,16,7900,34,126.826102598635@37.5689294987549
11500,강서구,마곡동,784-11,마곡오드카운티1차,2016,6,30.18,2022,9,16,10000,26,126.839508586492@37.5638849256697
11500,강서구,마곡동,773-3,힐스테이트에코동익,2017,13,24.57,2022,9,16,8000,27,126.829003171406@37.5598870117656
11500,강서구,마곡동,760-2,마곡나루역캐슬파크,2016,12,23.39,2022,9,23,13781,0,126.827465991553@37.5678538473414
11500,강서구,공항동,72-61,비엔비빌리지,2011,2,25.13,2022,9,5,10000,0,126.808447827008@37.561017025551
11500,강서구,공항동,72-61,비엔비빌리지,2011,3,27.88,2022,9,26,11000,0,126.808447827008@37.561017025551
11500,강서구,방화동,620-214,(620-214),2011,7,27.37,2022,9,1,13500,0,126.807147244916@37.5628357689758
11500,강서구,방화동,620-52,벤처오피스텔(620-52),2002,7,26.4,2022,9,5,1000,40,126.808135392642@37.5625097278816
11500,강서구,방화동,621-2,벤처오피스텔(621-2),2003,6,25.16,2022,9,15,10500,0,126.807752083032@37.5622848449654
11500,강서구,방화동,849,벽산에어트리움,2003,3,28.03,2022,9,17,9000,0,126.806969182308@37.5724150888211
11500,강서구,방화동,620-209,더스카이2,2016,5,27.37,2022,9,20,13600,0,126.806743439412@37.5639975112958
11500,강서구,방화동,830-1,에어뷰21-2오피스텔,1999,7,26.22,2022,9,23,500,40,126.81295147539@37.5772813416219
11500,강서구,방화동,830-1,에어뷰21-2오피스텔,1999,10,26.22,2022,9,27,7800,0,126.81295147539@37.5772813416219
11500,강서구,방화동,620-209,더스카이2,2016,2,27.37,2022,9,30,12900,5,126.806743439412@37.5639975112958
11500,강서구,화곡동,908-4,(908-4),2004,5,30.89,2022,10,4,9000,0,126.847033032384@37.5279646057507
11500,강서구,화곡동,982-17,크라운뷰,2009,13,51.14,2022,10,4,11000,32,126.84752158657@37.5489680502275
11500,강서구,화곡동,908-4,(908-4),2004,4,30.89,2022,10,4,9000,0,126.847033032384@37.5279646057507
11500,강서구,화곡동,46-217,(46-217),1997,4,29.7,2022,10,8,3000,40,126.847821163381@37.5449844689153
11500,강서구,화곡동,1105-10,예가채 Ⅱ,2014,5,41.86,2022,10,10,10000,0,126.84981642937@37.5526826391298
11500,강서구,화곡동,343-66,(343-66),2004,2,27.42,2022,10,18,13000,10,126.846572112397@37.5307162743393
11500,강서구,가양동,1479-9,휴먼빌,2004,12,25.64,2022,10,13,3000,40,126.851199212265@37.563582789378
11500,강서구,가양동,1479-8,동양 트레벨 스카이 오피스텔,2003,9,26.96,2022,10,14,4000,38,126.850919487753@37.5637379776777
11500,강서구,마곡동,776,마곡 파크뷰 대방디엠시티 오피스텔,2019,5,26.68,2022,10,1,1000,37,126.839374710769@37.5686002013511
11500,강서구,공항동,45-19,대룡드림타워-Ⅱ,2005,8,27.34,2022,10,22,1000,40,126.808907666244@37.5618434902662
11500,강서구,공항동,45-19,대룡드림타워-Ⅱ,2005,12,27.34,2022,10,25,10000,0,126.808907666244@37.5618434902662
11500,강서구,공항동,72-61,비엔비빌리지,2011,3,27.88,2022,10,27,11000,0,126.808447827008@37.561017025551
11500,강서구,공항동,45-19,대룡드림타워-Ⅱ,2005,8,25.83,2022,10,27,9000,0,126.808907666244@37.5618434902662
11500,강서구,방화동,829,오피앙2,2002,4,28.5,2022,10,4,8000,0,126.8125052385@37.5784531305184
11500,강서구,방화동,829-5,에어뷰21-1오피스텔,1999,7,24.99,2022,10,5,8000,0,126.81282165913@37.5783740078327
11500,강서구,방화동,830-2,하이포트,1999,7,29.8,2022,10,8,8000,0,126.81267508114@37.5765639634024
11500,강서구,방화동,830-1,에어뷰21-2오피스텔,1999,4,26.91,2022,10,14,500,40,126.81295147539@37.5772813416219
11500,강서구,방화동,620-214,(620-214),2011,13,27.37,2022,10,14,11550,0,126.807147244916@37.5628357689758
11500,강서구,방화동,621-2,벤처오피스텔(621-2),2003,2,25.16,2022,10,18,5000,20,126.807752083032@37.5622848449654
11500,강서구,방화동,830-3,방화샤르망1오피스텔,2003,5,24.9,2022,10,24,1000,35,126.813025742326@37.5764733766294
11500,강서구,염창동,253-2,리젠펠리스오피스텔,2014,2,28.1,2022,11,3,13000,0,126.876281082951@37.5500923383808
11500,강서구,화곡동,982-17,크라운뷰,2009,6,42.72,2022,11,1,12120,0,126.84752158657@37.5489680502275
11500,강서구,화곡동,29-39,동인오피스텔,2002,4,23.92,2022,11,2,10000,0,126.847484309697@37.546752538215
11500,강서구,화곡동,24-92,아덴하임,2020,12,26.63,2022,11,2,10000,30,126.845485638279@37.5462311812095
11500,강서구,화곡동,24-53,대흥오피스텔,1997,4,30.42,2022,11,8,13000,0,126.847057738571@37.5469609393121
11500,강서구,화곡동,982-17,크라운뷰,2009,10,42.72,2022,11,10,10000,40,126.84752158657@37.5489680502275
11500,강서구,화곡동,935-15,골든라인씨티,2019,8,29.92,2022,11,11,12000,28,126.839384844048@37.5285358725085
11500,강서구,화곡동,29-74,강서오피스텔,1998,4,35.51,2022,11,17,8850,30,126.848451127323@37.5460545849916
11500,강서구,가양동,1480-5,이스타빌1차,2002,6,30.24,2022,11,8,3000,40,126.853003378704@37.562604799047
11500,강서구,가양동,1480-1,이스타빌2차,2003,2,34.0,2022,11,17,11000,20,126.852691762429@37.5632568106804
11500,강서구,마곡동,758-4,마곡럭스나인오피스텔,2016,4,25.29,2022,11,1,12127,21,126.826102598635@37.5689294987549
11500,강서구,마곡동,773-3,힐스테이트에코동익,2017,3,24.57,2022,11,3,10000,40,126.829003171406@37.5598870117656
11500,강서구,공항동,72-61,비엔비빌리지,2011,3,27.88,2022,11,18,11000,0,126.808447827008@37.561017025551
11500,강서구,방화동,620-52,벤처오피스텔(620-52),2002,2,26.0,2022,11,17,3000,40,126.808135392642@37.5625097278816
11560,영등포구,영등포동4가,443,영등포 센트럴 푸르지오 시티,2013,12,29.75,2022,1,6,12000,35,126.901956875182@37.5180007952031
11560,영등포구,영등포동7가,94-64,영등포 리버텔,2004,12,27.75,2022,1,1,7000,20,126.910825427983@37.5251711560669
11560,영등포구,영등포동7가,94-64,영등포 리버텔,2004,5,29.19,2022,1,5,11500,0,126.910825427983@37.5251711560669
11560,영등포구,영등포동7가,94-186,(94-186),2003,4,25.45,2022,1,8,11500,10,126.908913047288@37.5241143921759
11560,영등포구,영등포동7가,94-50,미진오피스텔,2019,3,23.36,2022,1,20,9000,21,126.90871390636@37.5259323066772
11560,영등포구,영등포동7가,94-50,미진오피스텔,2019,3,23.36,2022,1,20,9000,21,126.90871390636@37.5259323066772
11560,영등포구,영등포동7가,94-50,미진오피스텔,2019,3,23.36,2022,1,22,9000,21,126.90871390636@37.5259323066772
11560,영등포구,영등포동7가,29-112,한가람 더원 103동,2020,7,24.76,2022,1,26,13000,25,126.90812446951@37.5246896917653
11560,영등포구,영등포동7가,94-64,영등포 리버텔,2004,8,27.75,2022,1,28,11500,0,126.910825427983@37.5251711560669
11560,영등포구,영등포동7가,94-50,미진오피스텔,2019,3,23.36,2022,1,30,9000,21,126.90871390636@37.5259323066772
11560,영등포구,여의도동,13-24,민족통일 대통령 리빙텔,2003,3,26.52,2022,1,26,14000,0,126.921449587169@37.5293053986179
11560,영등포구,당산동1가,458,강남,2012,2,81.6,2022,1,22,2000,40,126.898701186741@37.5221806616717
11560,영등포구,당산동4가,1-2,코오롱 스타폴리스,2005,4,41.22,2022,1,17,13000,20,126.902890376804@37.5274353023221
11560,영등포구,당산동4가,32-153,(32-153),1998,5,23.37,2022,1,21,8400,0,126.899529025085@37.529412718559
11560,영등포구,당산동4가,1-2,코오롱 스타폴리스,2005,9,34.88,2022,1,21,12000,40,126.902890376804@37.5274353023221
11560,영등포구,당산동4가,1-2,코오롱 스타폴리스,2005,9,34.88,2022,1,21,12000,40,126.902890376804@37.5274353023221
11560,영등포구,당산동5가,9-2,당산 삼성쉐르빌,2013,9,24.12,2022,1,18,12000,28,126.90056823122@37.5332461088275
11560,영등포구,당산동,121-44,한산 오피스텔,2010,10,23.36,2022,1,5,7000,20,126.907319572349@37.5308970288076
11560,영등포구,당산동,121-43,리스빌,2012,5,24.03,2022,1,6,8000,25,126.907220166172@37.5311287616129
11560,영등포구,당산동,121-43,리스빌,2012,5,24.03,2022,1,6,8000,25,126.907220166172@37.5311287616129
11560,영등포구,당산동,121-141,노들리안 오피스텔1,2011,6,29.8,2022,1,14,11850,15,126.908930413936@37.5267282204642
11560,영등포구,당산동,121-44,한산 오피스텔,2010,5,23.36,2022,1,18,7000,15,126.907319572349@37.5308970288076
11560,영등포구,당산동,121-107,현대뉴스타오피스텔,1993,3,31.05,2022,1,23,1000,40,126.907931002608@37.5278576016381
11560,영등포구,도림동,819,대우미래사랑,2004,15,29.38,2022,1,7,14000,0,126.900564286316@37.5114480352746
11560,영등포구,도림동,819,대우미래사랑,2004,3,29.38,2022,1,15,13500,0,126.900564286316@37.5114480352746
11560,영등포구,도림동,819,대우미래사랑,2004,2,29.38,2022,1,29,7000,28,126.900564286316@37.5114480352746
11560,영등포구,문래동5가,23-4,명지 페르마타,2004,12,25.93,2022,1,6,12000,0,126.88384073097@37.5171863864547
11560,영등포구,문래동6가,26,문래동 대우 이안,2004,5,56.1,2022,1,17,2000,40,126.886818565978@37.5205678781119
11560,영등포구,양평동2가,43-14,CO-OP Residence/오목교,2004,12,26.38,2022,1,8,12000,0,126.883256532527@37.5258084397285
11560,영등포구,양평동2가,19-4,양평동 오피스텔,2004,5,31.98,2022,1,10,12000,0,126.88386444527@37.5227432902165
11560,영등포구,양평동4가,32-8,그랑드빌,2003,5,31.55,2022,1,27,12000,35,126.897312658387@37.5347939967762
11560,영등포구,신길동,22-5,대우 디오빌 골든뷰 오피스텔,2004,2,28.29,2022,1,9,13650,0,126.91774985709@37.5174479068135
11560,영등포구,신길동,59-2,엔-씨티오피스텔,2000,18,26.9,2022,1,15,12500,0,126.918095568757@37.5150659065551
11560,영등포구,영등포동1가,20-1,대승프린스텔,2001,3,24.51,2022,2,5,13000,0,126.915808804019@37.5178069361311
11560,영등포구,영등포동2가,333,지뗌,2004,7,29.93,2022,2,11,10000,0,126.908253751798@37.519546350496
11560,영등포구,영등포동2가,28-153,오스본 오피스텔,2005,4,23.52,2022,2,27,11300,0,126.910058896319@37.5219169879974
11560,영등포구,영등포동4가,117-2,브라운시티,2013,3,48.56,2022,2,10,12000,0,126.90262899638@37.5188812555195
11560,영등포구,영등포동4가,117-7,스퀘어뷰,2016,5,28.82,2022,2,23,12000,30,126.902493799292@37.5188767092256
11560,영등포구,영등포동7가,94-64,영등포 리버텔,2004,6,27.75,2022,2,7,11000,0,126.910825427983@37.5251711560669
11560,영등포구,영등포동7가,94-190,토방트윈빌(B),2002,2,23.49,2022,2,19,9000,0,126.909290233884@37.5235779148623
11560,영등포구,영등포동7가,94-64,영등포 리버텔,2004,5,25.57,2022,2,21,11000,0,126.910825427983@37.5251711560669
11560,영등포구,영등포동7가,94-329,넥스빌1,2002,4,25.81,2022,2,28,10000,0,126.90853042653@37.5242020397532
11560,영등포구,영등포동7가,94-50,미진오피스텔,2019,9,23.36,2022,2,28,5000,40,126.90871390636@37.5259323066772
11560,영등포구,여의도동,13-21,맨하탄21리빙텔,2001,11,36.54,2022,2,25,10000,25,126.921623234033@37.5295468874349
11560,영등포구,당산동3가,416,(416),1998,2,30.15,2022,2,11,13500,0,126.894266686685@37.5259098147417
11560,영등포구,당산동5가,34,태림빌,2002,3,24.02,2022,2,4,5000,33,126.900360435541@37.5338031034852
11560,영등포구,당산동5가,33-1,당산역 한강포스빌,2005,15,30.43,2022,2,15,14000,20,126.899179444013@37.5349951068731
11560,영등포구,당산동5가,9-2,당산 삼성쉐르빌,2013,8,25.92,2022,2,26,11000,32,126.90056823122@37.5332461088275
11560,영등포구,당산동,121-44,한산 오피스텔,2010,13,23.36,2022,2,11,6000,30,126.907319572349@37.5308970288076
11560,영등포구,도림동,266-2,타원벨라움,2004,9,28.22,2022,2,9,13650,0,126.896044916281@37.5082245787887
11560,영등포구,도림동,265-1,도림동 하나아파텔(1차),2003,5,30.24,2022,2,12,10000,27,126.895977233519@37.5078408992242
11560,영등포구,도림동,819,대우미래사랑,2004,11,29.38,2022,2,19,12000,0,126.900564286316@37.5114480352746
11560,영등포구,도림동,819,대우미래사랑,2004,8,29.57,2022,2,19,11000,10,126.900564286316@37.5114480352746
11560,영등포구,문래동3가,83-3,문래동대동오피스텔,1998,4,30.02,2022,2,15,11000,0,126.890593441835@37.5199922921534
11560,영등포구,문래동5가,23-4,명지 페르마타,2004,7,25.97,2022,2,3,12500,0,126.88384073097@37.5171863864547
11560,영등포구,문래동5가,23-4,명지 페르마타,2004,10,25.97,2022,2,5,10000,10,126.88384073097@37.5171863864547
11560,영등포구,문래동5가,23-4,명지 페르마타,2004,3,25.93,2022,2,5,12600,0,126.88384073097@37.5171863864547
11560,영등포구,문래동5가,23-4,명지 페르마타,2004,6,25.93,2022,2,10,10000,15,126.88384073097@37.5171863864547
11560,영등포구,문래동5가,23-4,명지 페르마타,2004,6,25.93,2022,2,15,12000,0,126.88384073097@37.5171863864547
11560,영등포구,문래동5가,23-4,명지 페르마타,2004,7,28.36,2022,2,15,8000,30,126.88384073097@37.5171863864547
11560,영등포구,문래동5가,23-4,명지 페르마타,2004,11,25.97,2022,2,24,8000,18,126.88384073097@37.5171863864547
11560,영등포구,양평동2가,43-5,동서네모베네하우스,2019,16,23.97,2022,2,14,12000,23,126.882616158079@37.5251339287519
11560,영등포구,양평동3가,16,양평동우림 이 비지센타,2003,14,30.0,2022,2,9,13000,0,126.887954920391@37.5257731513951
11560,영등포구,양평동4가,32-8,그랑드빌,2003,6,26.82,2022,2,19,8000,30,126.897312658387@37.5347939967762
11560,영등포구,신길동,96-13,피오에스오피스텔,2003,4,23.8,2022,2,14,12500,0,126.91988269724@37.5141380974683
11560,영등포구,영등포동5가,81-1,영포복합건물,2002,5,23.4,2022,3,28,13000,0,126.906023750795@37.5219579654019
11560,영등포구,영등포동6가,3-2,양우화인텔,1999,6,27.26,2022,3,5,6000,40,126.904311103972@37.5208915820036
11560,영등포구,여의도동,13-16,여의도 플렉시움 오피스텔,2003,9,37.63,2022,3,8,8000,22,126.920289151819@37.5304899676723
11560,영등포구,당산동5가,34,태림빌,2002,7,23.71,2022,3,4,5000,35,126.900360435541@37.5338031034852
11560,영등포구,당산동6가,237-5,써미트빌,2003,6,23.52,2022,3,24,3000,40,126.904296754042@37.5340717327084
11560,영등포구,당산동,121-107,현대뉴스타오피스텔,1993,6,23.18,2022,3,2,11000,0,126.907931002608@37.5278576016381
11560,영등포구,당산동,121-44,한산 오피스텔,2010,7,23.36,2022,3,11,6000,0,126.907319572349@37.5308970288076
11560,영등포구,당산동,121-107,현대뉴스타오피스텔,1993,6,27.54,2022,3,15,13000,0,126.907931002608@37.5278576016381
11560,영등포구,당산동,121-243,신동인오피스텔,2012,4,31.5,2022,3,28,14000,0,126.908515052332@37.526118802805
11560,영등포구,도림동,266-2,타원벨라움,2004,3,35.78,2022,3,10,11000,35,126.896044916281@37.5082245787887
11560,영등포구,도림동,819,대우미래사랑,2004,12,29.57,2022,3,11,6000,35,126.900564286316@37.5114480352746
11560,영등포구,도림동,265-1,도림동 하나아파텔(1차),2003,4,30.24,2022,3,11,5900,40,126.895977233519@37.5078408992242
11560,영등포구,도림동,265-1,도림동 하나아파텔(1차),2003,6,48.32,2022,3,18,13500,30,126.895977233519@37.5078408992242
11560,영등포구,문래동5가,23-4,명지 페르마타,2004,2,25.93,2022,3,21,6000,30,126.88384073097@37.5171863864547
11560,영등포구,문래동6가,26,문래동 대우 이안,2004,5,56.1,2022,3,22,2000,40,126.886818565978@37.5205678781119
11560,영등포구,양평동2가,43-14,CO-OP Residence/오목교,2004,15,26.38,2022,3,14,13000,0,126.883256532527@37.5258084397285
11560,영등포구,영등포동1가,76,스페이스 오피스텔,2006,4,28.94,2022,4,29,5000,39,126.913786232608@37.5176508520766
11560,영등포구,영등포동1가,76,스페이스 오피스텔,2006,4,28.89,2022,4,30,7000,38,126.913786232608@37.5176508520766
11560,영등포구,영등포동2가,28-152,예닮채,2013,6,28.52,2022,4,6,6000,0,126.91020493375@37.5219793329189
11560,영등포구,영등포동7가,94-356,넥스빌Ⅲ,2002,5,25.2,2022,4,19,14000,0,126.908831086261@37.5243784012492
11560,영등포구,영등포동7가,29-126,포레비떼,2003,5,26.54,2022,4,28,12597,25,126.908784651213@37.5234861598716
11560,영등포구,여의도동,17-9,더하우스 소호 여의도 오피스텔,2017,10,23.63,2022,4,11,12000,33,126.918146579646@37.526586607146
11560,영등포구,당산동1가,458,강남,2012,2,56.58,2022,4,4,3000,35,126.898701186741@37.5221806616717
11560,영등포구,당산동6가,306-1,그린빌,2002,9,35.06,2022,4,9,9000,0,126.902248434815@37.5349263160692
11560,영등포구,당산동,121-44,한산 오피스텔,2010,10,23.36,2022,4,7,5500,30,126.907319572349@37.5308970288076
11560,영등포구,당산동,121-44,한산 오피스텔,2010,10,23.36,2022,4,9,5000,35,126.907319572349@37.5308970288076
11560,영등포구,당산동,121-44,한산 오피스텔,2010,5,23.36,2022,4,28,4000,40,126.907319572349@37.5308970288076
11560,영등포구,문래동5가,23-4,명지 페르마타,2004,9,25.93,2022,4,16,13000,2,126.88384073097@37.5171863864547
11560,영등포구,문래동5가,23-4,명지 페르마타,2004,2,25.93,2022,4,20,12600,0,126.88384073097@37.5171863864547
11560,영등포구,문래동5가,23-4,명지 페르마타,2004,3,25.93,2022,4,21,12500,0,126.88384073097@37.5171863864547
11560,영등포구,문래동6가,34-1,문래크라운팰리스,2018,3,28.17,2022,4,12,12000,30,126.885822476851@37.5206351749676
11560,영등포구,양평동2가,19-4,양평동 오피스텔,2004,4,31.98,2022,4,13,13800,0,126.88386444527@37.5227432902165
11560,영등포구,양평동3가,17-1,양평동 우림보보카운티 오피스텔,2003,6,25.42,2022,4,23,11000,0,126.887173402336@37.5258023306811
11560,영등포구,양평동4가,32-8,그랑드빌,2003,7,26.82,2022,4,30,12000,0,126.897312658387@37.5347939967762
11560,영등포구,양평동5가,92,대우미래사랑2차,2004,2,65.28,2022,4,13,12500,0,126.894358905999@37.5394503145288
11560,영등포구,영등포동1가,76,스페이스 오피스텔,2006,3,28.89,2022,5,4,11000,8,126.913786232608@37.5176508520766
11560,영등포구,영등포동2가,28-152,예닮채,2013,7,28.52,2022,5,10,10000,0,126.91020493375@37.5219793329189
11560,영등포구,영등포동6가,67-1,윤성타워텔,1998,9,33.22,2022,5,11,4000,40,126.903289977129@37.5210704062446
11560,영등포구,영등포동7가,94-190,토방트윈빌(B),2002,5,23.49,2022,5,12,9000,0,126.909290233884@37.5235779148623
11560,영등포구,영등포동7가,94-330,은성오피스텔,2002,4,27.39,2022,5,16,12500,25,126.908694144264@37.524267781349
11560,영등포구,영등포동7가,94-356,넥스빌Ⅲ,2002,2,23.91,2022,5,23,9000,30,126.908831086261@37.5243784012492
11560,영등포구,영등포동8가,86,당산역 리버리치 오피스텔,2016,4,38.87,2022,5,11,13000,38,126.905420456184@37.5315421746642
11560,영등포구,여의도동,15-14,여의도 프리베로 오피스텔,2004,4,27.92,2022,5,14,14000,0,126.919625686763@37.5283207854919
11560,영등포구,여의도동,13-21,맨하탄21리빙텔,2001,9,36.72,2022,5,19,12000,0,126.921623234033@37.5295468874349
11560,영등포구,당산동1가,458,강남,2012,2,56.2,2022,5,23,10500,0,126.898701186741@37.5221806616717
11560,영등포구,당산동1가,458,강남,2012,2,56.2,2022,5,23,10500,0,126.898701186741@37.5221806616717
11560,영등포구,당산동5가,8,데시앙루브 오피스텔,2014,14,28.24,2022,5,16,12000,35,126.900032896806@37.5323774035327
11560,영등포구,당산동6가,237-5,써미트빌,2003,6,23.52,2022,5,23,3000,40,126.904296754042@37.5340717327084
11560,영등포구,당산동6가,237-5,써미트빌,2003,4,31.5,2022,5,30,5000,40,126.904296754042@37.5340717327084
11560,영등포구,당산동,121-44,한산 오피스텔,2010,14,24.09,2022,5,9,6000,30,126.907319572349@37.5308970288076
11560,영등포구,도림동,819,대우미래사랑,2004,15,29.38,2022,5,6,14000,0,126.900564286316@37.5114480352746
11560,영등포구,문래동3가,83-3,문래동대동오피스텔,1998,8,30.11,2022,5,10,10000,17,126.890593441835@37.5199922921534
11560,영등포구,문래동3가,83-3,문래동대동오피스텔,1998,8,30.11,2022,5,10,10000,20,126.890593441835@37.5199922921534
11560,영등포구,문래동5가,23-4,명지 페르마타,2004,5,25.93,2022,5,10,13000,0,126.88384073097@37.5171863864547
11560,영등포구,문래동5가,23-4,명지 페르마타,2004,12,25.93,2022,5,21,12500,0,126.88384073097@37.5171863864547
11560,영등포구,문래동5가,23-4,명지 페르마타,2004,12,25.93,2022,5,26,11000,0,126.88384073097@37.5171863864547
11560,영등포구,양평동2가,1-1,신동아하이팰리스,2005,10,88.61,2022,5,3,13000,0,126.884667295321@37.5219038270675
11560,영등포구,영등포동2가,28-119,블루오션,2019,3,26.72,2022,6,18,10000,20,126.911639878402@37.5205673119227
11560,영등포구,영등포동7가,94-57,은석오피스텔,2010,7,25.08,2022,6,10,12600,0,126.908610410953@37.5256267640287
11560,영등포구,영등포동7가,94-190,토방트윈빌(B),2002,5,23.49,2022,6,14,9500,0,126.909290233884@37.5235779148623
11560,영등포구,당산동1가,458,강남,2012,2,56.58,2022,6,18,5000,23,126.898701186741@37.5221806616717
11560,영등포구,도림동,819,대우미래사랑,2004,14,29.57,2022,6,17,12000,20,126.900564286316@37.5114480352746
11560,영등포구,도림동,819,대우미래사랑,2004,11,29.57,2022,6,25,12000,0,126.900564286316@37.5114480352746
11560,영등포구,도림동,265-1,도림동 하나아파텔(1차),2003,4,30.24,2022,6,30,5000,40,126.895977233519@37.5078408992242
11560,영등포구,문래동5가,23-4,명지 페르마타,2004,9,25.93,2022,6,2,12700,0,126.88384073097@37.5171863864547
11560,영등포구,문래동5가,23-4,명지 페르마타,2004,9,25.93,2022,6,14,13100,0,126.88384073097@37.5171863864547
11560,영등포구,문래동5가,23-4,명지 페르마타,2004,5,25.93,2022,6,18,13000,0,126.88384073097@37.5171863864547
11560,영등포구,문래동5가,23-4,명지 페르마타,2004,2,25.93,2022,6,23,12000,0,126.88384073097@37.5171863864547
11560,영등포구,양평동2가,43-14,CO-OP Residence/오목교,2004,3,26.38,2022,6,21,12000,0,126.883256532527@37.5258084397285
11560,영등포구,양평동3가,17-1,양평동 우림보보카운티 오피스텔,2003,4,25.42,2022,6,6,12000,0,126.887173402336@37.5258023306811
11560,영등포구,영등포동2가,29-80,(29-80),2012,6,24.6,2022,7,1,3000,40,126.910119296478@37.5221795124562
11560,영등포구,영등포동2가,333,지뗌,2004,9,29.93,2022,7,26,6000,30,126.908253751798@37.519546350496
11560,영등포구,영등포동2가,28-151,인정타운,2013,7,25.85,2022,7,28,2500,23,126.91031906697@37.5220278085049
11560,영등포구,영등포동2가,333,지뗌,2004,10,29.93,2022,7,29,14000,0,126.908253751798@37.519546350496
11560,영등포구,영등포동6가,3-2,양우화인텔,1999,7,27.28,2022,7,1,13000,30,126.904311103972@37.5208915820036
11560,영등포구,영등포동7가,94-64,영등포 리버텔,2004,6,27.75,2022,7,6,3000,40,126.910825427983@37.5251711560669
11560,영등포구,영등포동7가,94-64,영등포 리버텔,2004,12,28.53,2022,7,8,13000,0,126.910825427983@37.5251711560669
11560,영등포구,영등포동7가,94-189,토방트윈빌(A),2002,2,23.49,2022,7,8,12000,0,126.909198028602@37.5237104604627
11560,영등포구,영등포동7가,94-356,넥스빌Ⅲ,2002,6,24.12,2022,7,29,14000,0,126.908831086261@37.5243784012492
11560,영등포구,당산동5가,34,태림빌,2002,9,24.02,2022,7,2,5000,40,126.900360435541@37.5338031034852
11560,영등포구,당산동5가,8,데시앙루브 오피스텔,2014,8,28.24,2022,7,5,13000,35,126.900032896806@37.5323774035327
11560,영등포구,당산동6가,237-5,써미트빌,2003,6,23.52,2022,7,5,3000,40,126.904296754042@37.5340717327084
11560,영등포구,당산동,121-44,한산 오피스텔,2010,11,24.09,2022,7,1,6000,30,126.907319572349@37.5308970288076
11560,영등포구,당산동,121-44,한산 오피스텔,2010,13,23.36,2022,7,8,5000,26,126.907319572349@37.5308970288076
11560,영등포구,당산동,121-44,한산 오피스텔,2010,8,24.09,2022,7,11,5000,35,126.907319572349@37.5308970288076
11560,영등포구,당산동,121-141,노들리안 오피스텔1,2011,3,29.16,2022,7,12,10000,27,126.908930413936@37.5267282204642
11560,영등포구,문래동3가,83-3,문래동대동오피스텔,1998,7,30.11,2022,7,6,11550,10,126.890593441835@37.5199922921534
11560,영등포구,문래동5가,23-4,명지 페르마타,2004,2,25.93,2022,7,2,10000,12,126.88384073097@37.5171863864547
11560,영등포구,문래동5가,23-4,명지 페르마타,2004,2,28.4,2022,7,13,12120,0,126.88384073097@37.5171863864547
11560,영등포구,문래동5가,23-4,명지 페르마타,2004,11,25.93,2022,7,18,13230,0,126.88384073097@37.5171863864547
11560,영등포구,양평동2가,43-5,동서네모베네하우스,2019,13,23.98,2022,7,5,10000,37,126.882616158079@37.5251339287519
11560,영등포구,양평동2가,43-6,삼성코코빌,2014,4,24.21,2022,7,18,10000,29,126.882367800442@37.5251819757354
11560,영등포구,양평동2가,43-6,삼성코코빌,2014,2,24.21,2022,7,25,10000,40,126.882367800442@37.5251819757354
11560,영등포구,양평동2가,43-6,삼성코코빌,2014,2,24.21,2022,7,26,10000,40,126.882367800442@37.5251819757354
11560,영등포구,양평동2가,19-4,양평동 오피스텔,2004,3,31.98,2022,7,30,13000,0,126.88386444527@37.5227432902165
11560,영등포구,대림동,629-35,한성메르디앙,2003,8,27.32,2022,7,16,13000,10,126.894491592997@37.5062872481093
11560,영등포구,영등포동1가,110-6,여의도 노블루체91,2021,8,23.56,2022,8,13,13500,40,126.911220938163@37.5177291395958
11560,영등포구,영등포동2가,333,지뗌,2004,10,29.93,2022,8,31,4000,40,126.908253751798@37.519546350496
11560,영등포구,영등포동7가,94-64,영등포 리버텔,2004,5,27.75,2022,8,2,11500,0,126.910825427983@37.5251711560669
11560,영등포구,영등포동7가,94-50,미진오피스텔,2019,4,23.36,2022,8,8,9000,21,126.90871390636@37.5259323066772
11560,영등포구,영등포동7가,94-186,(94-186),2003,3,25.45,2022,8,9,12000,20,126.908913047288@37.5241143921759
11560,영등포구,당산동3가,80-1,리앤나빌리지,2004,2,30.85,2022,8,5,12000,20,126.898352127969@37.5256877288287
11560,영등포구,당산동3가,80-1,리앤나빌리지,2004,2,30.85,2022,8,16,13500,33,126.898352127969@37.5256877288287
11560,영등포구,당산동,121-107,현대뉴스타오피스텔,1993,7,27.54,2022,8,25,11000,0,126.907931002608@37.5278576016381
11560,영등포구,당산동,121-44,한산 오피스텔,2010,7,23.36,2022,8,27,6000,30,126.907319572349@37.5308970288076
11560,영등포구,도림동,819,대우미래사랑,2004,18,29.38,2022,8,1,14000,0,126.900564286316@37.5114480352746
11560,영등포구,도림동,265-8,도림동 하나 아파텔(2차),2003,2,30.87,2022,8,3,10000,35,126.896164478767@37.5076216093738
11560,영등포구,도림동,819,대우미래사랑,2004,11,29.38,2022,8,26,13000,0,126.900564286316@37.5114480352746
11560,영등포구,문래동3가,83-3,문래동대동오피스텔,1998,6,30.88,2022,8,16,2000,40,126.890593441835@37.5199922921534
11560,영등포구,문래동5가,23-4,명지 페르마타,2004,10,25.93,2022,8,3,12000,5,126.88384073097@37.5171863864547
11560,영등포구,문래동5가,23-4,명지 페르마타,2004,11,25.93,2022,8,17,11500,3,126.88384073097@37.5171863864547
11560,영등포구,문래동5가,23-4,명지 페르마타,2004,8,28.36,2022,8,27,13000,0,126.88384073097@37.5171863864547
11560,영등포구,양평동3가,17-1,양평동 우림보보카운티 오피스텔,2003,9,25.42,2022,8,31,11950,35,126.887173402336@37.5258023306811
11560,영등포구,신길동,59-2,엔-씨티오피스텔,2000,7,27.72,2022,8,27,13300,0,126.918095568757@37.5150659065551
11560,영등포구,영등포동5가,81-1,영포복합건물,2002,4,38.57,2022,9,30,12000,0,126.906023750795@37.5219579654019
11560,영등포구,영등포동7가,29-126,포레비떼,2003,2,26.54,2022,9,23,9370,0,126.908784651213@37.5234861598716
11560,영등포구,영등포동7가,94-189,토방트윈빌(A),2002,6,24.69,2022,9,24,6825,0,126.909198028602@37.5237104604627
11560,영등포구,영등포동7가,94-50,미진오피스텔,2019,2,23.36,2022,9,28,8000,26,126.90871390636@37.5259323066772
11560,영등포구,여의도동,13-21,맨하탄21리빙텔,2001,11,36.54,2022,9,5,12000,0,126.921623234033@37.5295468874349
11560,영등포구,당산동4가,32-104,탑빌딩,2003,4,32.13,2022,9,21,4000,39,126.899834871547@37.5281304695521
11560,영등포구,당산동4가,32-153,(32-153),1998,2,26.65,2022,9,21,4000,38,126.899529025085@37.529412718559
11560,영등포구,당산동,121-44,한산 오피스텔,2010,5,23.36,2022,9,8,5000,35,126.907319572349@37.5308970288076
11560,영등포구,양평동2가,19-4,양평동 오피스텔,2004,4,31.98,2022,9,2,13000,0,126.88386444527@37.5227432902165
11560,영등포구,양평동2가,43-14,CO-OP Residence/오목교,2004,13,26.38,2022,9,27,10000,8,126.883256532527@37.5258084397285
11560,영등포구,대림동,629-35,한성메르디앙,2003,8,27.32,2022,9,1,10000,30,126.894491592997@37.5062872481093
11560,영등포구,영등포동1가,27-1,폴라리스오피스텔,2003,10,23.76,2022,10,1,12500,25,126.915003555956@37.5181130745429
11560,영등포구,영등포동1가,20-1,대승프린스텔,2001,4,24.51,2022,10,22,10000,5,126.915808804019@37.5178069361311
11560,영등포구,영등포동7가,94-64,영등포 리버텔,2004,10,29.19,2022,10,15,10000,10,126.910825427983@37.5251711560669
11560,영등포구,영등포동7가,94-356,넥스빌Ⅲ,2002,7,23.91,2022,10,17,14000,0,126.908831086261@37.5243784012492
11560,영등포구,여의도동,13-21,맨하탄21리빙텔,2001,10,36.54,2022,10,12,14000,10,126.921623234033@37.5295468874349
11560,영등포구,당산동3가,396-20,당산랜드빌,2003,4,30.15,2022,10,24,10000,30,126.895017973807@37.5263362151471
11560,영등포구,당산동6가,236-1,(236-1),2016,2,23.58,2022,10,13,13650,0,126.904656835974@37.5333678529662
11560,영등포구,당산동6가,237-5,써미트빌,2003,5,36.19,2022,10,29,10000,30,126.904296754042@37.5340717327084
11560,영등포구,당산동,121-141,노들리안 오피스텔1,2011,4,29.31,2022,10,9,10000,25,126.908930413936@37.5267282204642
11560,영등포구,문래동5가,23-4,명지 페르마타,2004,12,25.93,2022,10,4,10000,28,126.88384073097@37.5171863864547
11560,영등포구,문래동5가,23-4,명지 페르마타,2004,2,25.93,2022,10,7,10000,14,126.88384073097@37.5171863864547
11560,영등포구,문래동5가,23-4,명지 페르마타,2004,6,28.4,2022,10,20,12500,3,126.88384073097@37.5171863864547
11560,영등포구,문래동5가,23-4,명지 페르마타,2004,6,25.93,2022,10,28,11800,0,126.88384073097@37.5171863864547
11560,영등포구,문래동5가,23-4,명지 페르마타,2004,2,25.97,2022,10,29,7000,31,126.88384073097@37.5171863864547
11560,영등포구,양평동2가,43-14,CO-OP Residence/오목교,2004,5,26.38,2022,10,31,12000,0,126.883256532527@37.5258084397285
11560,영등포구,양평동3가,37-3,더라임,2020,8,24.75,2022,10,10,13650,37,126.888489124635@37.5263476933506
11560,영등포구,양평동4가,32-8,그랑드빌,2003,2,31.55,2022,10,18,14000,0,126.897312658387@37.5347939967762
11560,영등포구,신길동,59-2,엔-씨티오피스텔,2000,12,28.56,2022,10,11,13000,0,126.918095568757@37.5150659065551
11560,영등포구,영등포동5가,81-1,영포복합건물,2002,3,35.15,2022,11,10,13000,0,126.906023750795@37.5219579654019
11560,영등포구,영등포동7가,94-186,(94-186),2003,4,25.45,2022,11,17,12000,0,126.908913047288@37.5241143921759
11560,영등포구,영등포동7가,94-356,넥스빌Ⅲ,2002,2,25.2,2022,11,18,13650,0,126.908831086261@37.5243784012492
11560,영등포구,양평동2가,43-6,삼성코코빌,2014,2,24.21,2022,11,10,10000,40,126.882367800442@37.5251819757354
11545,금천구,독산동,331-4,우정오피스텔,2005,3,24.2,2022,1,10,6000,5,126.894020593926@37.4676219721063
11545,금천구,독산동,1007-13,e편한세상 독산 더타워,2019,11,26.51,2022,1,15,10000,35,126.896309636759@37.4658145065513
11545,금천구,독산동,144-4,영진오피스텔,2001,5,23.79,2022,1,21,6500,0,126.897451070329@37.4766808664751
11545,금천구,독산동,1156,금천 롯데캐슬 골드파크 4차,2019,14,24.21,2022,1,22,5000,37,126.896801222737@37.4610551983336
11545,금천구,독산동,1156,금천 롯데캐슬 골드파크 4차,2019,10,24.21,2022,1,24,13230,0,126.896801222737@37.4610551983336
11545,금천구,독산동,1150,금천 롯데캐슬 골드파크 2차,2017,7,27.03,2022,1,31,1000,30,126.894041987455@37.4581843506896
11545,금천구,시흥동,992-67,산들파크빌7,2005,3,25.23,2022,1,5,1000,40,126.899502283619@37.4524037411777
11545,금천구,가산동,238-117,원평11차,2002,2,38.22,2022,2,22,12600,0,126.887149157623@37.4731091065432
11545,금천구,가산동,153-9,해찬행복드림,2008,2,26.73,2022,2,23,7000,0,126.894019108339@37.4737956009606
11545,금천구,독산동,333-2,(333-2),2004,4,44.19,2022,2,3,11000,0,126.890904372547@37.4700667065884
11545,금천구,독산동,1156,금천 롯데캐슬 골드파크 4차,2019,12,26.24,2022,2,5,13650,0,126.896801222737@37.4610551983336
11545,금천구,독산동,952-34,보성빌딩,2013,4,29.55,2022,2,8,9000,0,126.902308789766@37.4793256631004
11545,금천구,독산동,303-1,독산동주상복합,2001,3,28.02,2022,2,18,8000,0,126.89142138304@37.4720895887253
11545,금천구,독산동,1005-3,1동,2021,3,29.93,2022,2,22,1881,19,126.892668919445@37.4644025262134
11545,금천구,독산동,1156,금천 롯데캐슬 골드파크 4차,2019,19,26.45,2022,2,24,13650,0,126.896801222737@37.4610551983336
11545,금천구,독산동,1156,금천 롯데캐슬 골드파크 4차,2019,37,26.92,2022,2,25,14000,33,126.896801222737@37.4610551983336
11545,금천구,독산동,1150,금천 롯데캐슬 골드파크 2차,2017,8,27.03,2022,2,26,4000,40,126.894041987455@37.4581843506896
11545,금천구,독산동,950-5,GREEN HILL,2012,5,28.71,2022,2,26,12000,0,126.904470054636@37.4794246160309
11545,금천구,독산동,1156,금천 롯데캐슬 골드파크 4차,2019,10,24.21,2022,2,26,13230,0,126.896801222737@37.4610551983336
11545,금천구,독산동,333-2,(333-2),2004,3,44.24,2022,2,28,11000,0,126.890904372547@37.4700667065884
11545,금천구,시흥동,992-67,산들파크빌7,2005,3,30.6,2022,2,9,8000,0,126.899502283619@37.4524037411777
11545,금천구,시흥동,935-1,백운매트로엔,2003,5,33.39,2022,2,12,1000,40,126.904190521903@37.4485416358142
11545,금천구,시흥동,992-66,산들파크빌6,2005,3,26.21,2022,2,15,2000,35,126.899325933857@37.4524064094311
11545,금천구,시흥동,992-65,산들파크빌5,2005,4,23.88,2022,2,22,12000,0,126.899133949882@37.4524254179746
11545,금천구,가산동,153-9,해찬행복드림,2008,2,29.31,2022,3,5,12000,0,126.894019108339@37.4737956009606
11545,금천구,가산동,153-9,해찬행복드림,2008,2,29.31,2022,3,5,12000,0,126.894019108339@37.4737956009606
11545,금천구,가산동,494-4,서울 디지털 드림타운,2006,14,32.2,2022,3,11,2000,37,126.87613776519@37.4820447934206
11545,금천구,독산동,331-4,우정오피스텔,2005,3,24.2,2022,3,3,6000,5,126.894020593926@37.4676219721063
11545,금천구,독산동,331-4,우정오피스텔,2005,6,24.2,2022,3,8,6000,5,126.894020593926@37.4676219721063
11545,금천구,독산동,1150,금천 롯데캐슬 골드파크 2차,2017,10,27.03,2022,3,11,10000,40,126.894041987455@37.4581843506896
11545,금천구,독산동,953,삼부르네상스플러스,2004,15,23.25,2022,3,14,11000,0,126.900464813033@37.4785431140891
11545,금천구,독산동,1156,금천 롯데캐슬 골드파크 4차,2019,18,26.14,2022,3,14,10000,30,126.896801222737@37.4610551983336
11545,금천구,독산동,331-4,우정오피스텔,2005,4,24.2,2022,3,15,6000,5,126.894020593926@37.4676219721063
11545,금천구,독산동,1156,금천 롯데캐슬 골드파크 4차,2019,16,24.21,2022,3,21,3700,33,126.896801222737@37.4610551983336
11545,금천구,시흥동,108-62,대현오피스텔,2015,9,40.24,2022,3,20,4000,39,126.898938273569@37.4576507127822
11545,금천구,가산동,494-4,서울 디지털 드림타운,2006,9,32.2,2022,4,22,2000,37,126.87613776519@37.4820447934206
11545,금천구,독산동,331-4,우정오피스텔,2005,4,24.2,2022,4,4,6000,5,126.894020593926@37.4676219721063
11545,금천구,독산동,952-34,보성빌딩,2013,3,28.17,2022,4,5,9000,0,126.902308789766@37.4793256631004
11545,금천구,독산동,1156,금천 롯데캐슬 골드파크 4차,2019,5,24.21,2022,4,6,11025,0,126.896801222737@37.4610551983336
11545,금천구,독산동,331-4,우정오피스텔,2005,5,24.2,2022,4,8,6000,5,126.894020593926@37.4676219721063
11545,금천구,독산동,1156,금천 롯데캐슬 골드파크 4차,2019,13,24.21,2022,4,14,13200,0,126.896801222737@37.4610551983336
11545,금천구,독산동,378-462,원앙하우스,2016,3,29.17,2022,4,16,12500,0,126.904245987468@37.4635686362409
11545,금천구,독산동,336-29,메종에떼르넬,2020,13,28.79,2022,4,17,10000,36,126.887880190451@37.4710631491684
11545,금천구,독산동,1156,금천 롯데캐슬 골드파크 4차,2019,6,24.21,2022,4,22,12600,0,126.896801222737@37.4610551983336
11545,금천구,독산동,1023-1,서래타운,2019,3,50.12,2022,4,25,7215,22,126.901611571524@37.4675853856662
11545,금천구,독산동,1156,금천 롯데캐슬 골드파크 4차,2019,12,24.64,2022,4,28,12000,25,126.896801222737@37.4610551983336
11545,금천구,독산동,1156,금천 롯데캐슬 골드파크 4차,2019,33,26.14,2022,4,29,13200,0,126.896801222737@37.4610551983336
11545,금천구,독산동,1007-13,e편한세상 독산 더타워,2019,15,26.22,2022,4,29,10000,40,126.896309636759@37.4658145065513
11545,금천구,시흥동,999-1,도일산호시티빌,2003,17,37.8,2022,4,2,6500,30,126.899528362557@37.4561861344243
11545,금천구,시흥동,935,백운타워,2004,7,32.2,2022,4,2,12000,0,126.904021742744@37.448526089829
11545,금천구,시흥동,992-67,산들파크빌7,2005,2,25.23,2022,4,11,6500,0,126.899502283619@37.4524037411777
11545,금천구,시흥동,992-64,산들파크빌3,2005,2,25.23,2022,4,14,13000,0,126.89913143342@37.4525946990428
11545,금천구,독산동,331-4,우정오피스텔,2005,8,32.3,2022,5,2,7000,15,126.894020593926@37.4676219721063
11545,금천구,독산동,144-4,영진오피스텔,2001,6,23.79,2022,5,3,4000,15,126.897451070329@37.4766808664751
11545,금천구,독산동,962,유헌오피스텔,2003,2,27.34,2022,5,18,6600,0,126.903123988423@37.4779417045232
11545,금천구,독산동,333-2,(333-2),2004,8,43.86,2022,5,20,14000,0,126.890904372547@37.4700667065884
11545,금천구,독산동,303-1,독산동주상복합,2001,3,57.9,2022,5,20,12500,0,126.89142138304@37.4720895887253
11545,금천구,독산동,962,유헌오피스텔,2003,4,27.34,2022,5,25,6600,0,126.903123988423@37.4779417045232
11545,금천구,시흥동,789-34,(789-34),2004,2,26.5,2022,5,5,1000,40,126.904759141263@37.4618204558497
11545,금천구,시흥동,992-65,산들파크빌5,2005,3,32.5,2022,5,18,14000,0,126.899133949882@37.4524254179746
11545,금천구,가산동,238-117,원평11차,2002,4,27.95,2022,6,14,7000,0,126.887149157623@37.4731091065432
11545,금천구,가산동,494-4,서울 디지털 드림타운,2006,12,32.2,2022,6,28,2000,37,126.87613776519@37.4820447934206
11545,금천구,가산동,141-2,가산 양우 내안애 애플,2013,4,23.44,2022,6,29,5000,30,126.891154398762@37.4788996366881
11545,금천구,독산동,144-4,영진오피스텔,2001,6,23.79,2022,6,18,6500,0,126.897451070329@37.4766808664751
11545,금천구,독산동,962,유헌오피스텔,2003,3,45.9,2022,6,30,10500,0,126.903123988423@37.4779417045232
11545,금천구,시흥동,935,백운타워,2004,7,32.2,2022,6,4,5000,40,126.904021742744@37.448526089829
11545,금천구,가산동,144-5,G밸리 노블루체 스위트,2020,10,29.75,2022,7,16,14000,32,126.890990196304@37.4766548587833
11545,금천구,독산동,1156,금천 롯데캐슬 골드파크 4차,2019,24,24.21,2022,7,2,13230,0,126.896801222737@37.4610551983336
11545,금천구,독산동,331-4,우정오피스텔,2005,6,24.2,2022,7,12,6000,5,126.894020593926@37.4676219721063
11545,금천구,독산동,962,유헌오피스텔,2003,3,29.16,2022,7,13,6600,0,126.903123988423@37.4779417045232
11545,금천구,독산동,331-4,우정오피스텔,2005,8,24.2,2022,7,18,6000,5,126.894020593926@37.4676219721063
11545,금천구,독산동,331-4,우정오피스텔,2005,5,24.2,2022,7,28,6000,5,126.894020593926@37.4676219721063
11545,금천구,시흥동,789-34,(789-34),2004,6,26.5,2022,7,13,3000,25,126.904759141263@37.4618204558497
11545,금천구,시흥동,995-23,다올하우스,2020,3,41.61,2022,7,13,14000,0,126.898749089761@37.4533524722566
11545,금천구,시흥동,108-62,대현오피스텔,2015,9,40.24,2022,7,21,3000,40,126.898938273569@37.4576507127822
11545,금천구,가산동,494-4,서울 디지털 드림타운,2006,10,32.2,2022,8,2,2000,37,126.87613776519@37.4820447934206
11545,금천구,가산동,494-4,서울 디지털 드림타운,2006,14,32.2,2022,8,18,2000,37,126.87613776519@37.4820447934206
11545,금천구,가산동,153-6,101동,2021,13,29.69,2022,8,18,766,22,126.893989471701@37.4740814016906
11545,금천구,가산동,494-4,서울 디지털 드림타운,2006,15,32.2,2022,8,23,2000,37,126.87613776519@37.4820447934206
11545,금천구,가산동,494-4,서울 디지털 드림타운,2006,13,32.2,2022,8,23,2000,37,126.87613776519@37.4820447934206
11545,금천구,독산동,331-4,우정오피스텔,2005,6,24.2,2022,8,11,6000,5,126.894020593926@37.4676219721063
11545,금천구,독산동,331-4,우정오피스텔,2005,8,24.2,2022,8,11,6000,5,126.894020593926@37.4676219721063
11545,금천구,독산동,1156,금천 롯데캐슬 골드파크 4차,2019,32,24.21,2022,8,20,13230,0,126.896801222737@37.4610551983336
11545,금천구,독산동,331-4,우정오피스텔,2005,4,24.2,2022,8,31,6000,5,126.894020593926@37.4676219721063
11545,금천구,시흥동,935-1,백운매트로엔,2003,7,33.39,2022,8,17,13000,0,126.904190521903@37.4485416358142
11545,금천구,시흥동,121-7,우림메르디앙,2015,3,28.44,2022,8,31,13650,0,126.898599023158@37.4548306335903
11545,금천구,가산동,239-2,원평빌라트(6차),2002,2,37.37,2022,9,13,12000,25,126.887316478953@37.4741101947771
11545,금천구,가산동,238-117,원평11차,2002,5,34.32,2022,9,28,7000,0,126.887149157623@37.4731091065432
11545,금천구,독산동,1007-13,e편한세상 독산 더타워,2019,10,26.22,2022,9,2,10000,31,126.896309636759@37.4658145065513
11545,금천구,독산동,333-2,(333-2),2004,4,44.19,2022,9,2,13500,0,126.890904372547@37.4700667065884
11545,금천구,독산동,331-4,우정오피스텔,2005,4,24.2,2022,9,3,6000,5,126.894020593926@37.4676219721063
11545,금천구,독산동,303-1,독산동주상복합,2001,2,44.0,2022,9,14,11000,0,126.89142138304@37.4720895887253
11545,금천구,독산동,303-1,독산동주상복합,2001,4,44.0,2022,9,23,11550,0,126.89142138304@37.4720895887253
11545,금천구,독산동,331-4,우정오피스텔,2005,3,24.2,2022,9,30,6000,5,126.894020593926@37.4676219721063
11545,금천구,가산동,153-6,101동,2021,6,29.69,2022,10,14,1917,20,126.893989471701@37.4740814016906
11545,금천구,독산동,333-2,(333-2),2004,5,44.19,2022,10,12,9500,0,126.890904372547@37.4700667065884
11545,금천구,독산동,950-5,GREEN HILL,2012,3,28.02,2022,10,18,13000,0,126.904470054636@37.4794246160309
11545,금천구,독산동,144-4,영진오피스텔,2001,4,23.79,2022,10,21,6500,0,126.897451070329@37.4766808664751
11545,금천구,독산동,333-2,(333-2),2004,5,44.19,2022,11,4,9500,0,126.890904372547@37.4700667065884
11545,금천구,독산동,962,유헌오피스텔,2003,5,27.34,2022,11,9,6600,0,126.903123988423@37.4779417045232
11545,금천구,독산동,144-4,영진오피스텔,2001,6,23.79,2022,11,12,6500,0,126.897451070329@37.4766808664751
11545,금천구,독산동,144-4,영진오피스텔,2001,2,23.79,2022,11,21,6500,0,126.897451070329@37.4766808664751
11545,금천구,독산동,331-4,우정오피스텔,2005,3,24.2,2022,11,21,5000,10,126.894020593926@37.4676219721063
11545,금천구,시흥동,992-64,산들파크빌3,2005,4,30.6,2022,11,14,11000,20,126.89913143342@37.4525946990428
11590,동작구,노량진동,16-1,노량진 드림스퀘어 복합빌딩,2020,9,24.13,2022,4,8,10000,38,126.939393243189@37.5143162037097
11590,동작구,대방동,17-24,(17-24),2004,5,27.08,2022,5,10,2000,40,126.932377433852@37.5086946632356
11590,동작구,사당동,182-3,STUDIO사당35,2021,5,29.99,2022,7,18,4893,24,126.963853119167@37.4914060464009
11590,동작구,사당동,182-3,STUDIO사당35,2021,6,29.99,2022,7,18,4893,10,126.963853119167@37.4914060464009
11590,동작구,사당동,182-3,STUDIO사당35,2021,4,29.99,2022,7,18,2322,24,126.963853119167@37.4914060464009
11590,동작구,사당동,182-3,STUDIO사당35,2021,6,29.95,2022,7,18,4836,9,126.963853119167@37.4914060464009
11590,동작구,사당동,182-3,STUDIO사당35,2021,4,29.95,2022,7,19,2295,24,126.963853119167@37.4914060464009
11590,동작구,대방동,337-1,대방오피스텔,2003,3,27.5,2022,9,23,10000,0,126.929002611832@37.4991678881868
